Nombre;Código NIC;Código NIC;Código NIC;Código NIC;Código NIC;Código NIC;Código NIC;Código NIC;Código NIC;Código NIC;Código NIC;Código NIC;Código NIC;Código NIC;Código NIC;Código NIC;Código NIC;Código NIC;Código NIC;Código NIC;Código NIC;Código NIC;Código NIC;Código NIC;Código NIC;Código NIC;Código NIC;Código NIC;Código NIC;Código NIC;Código NIC;Código NIC;Código NIC;Código NIC;;;;;;;;;;;;;;;;;;;;;;;;;;;;;;;;;;;;;;;;;;;;;;;;;
Aceptación: estado de la salud;5230;5820;5400;4700;5270;5250;5420;5240;5242;7380;5440;4470;4640;5480;5330;5310;5470;8100;5602;4340;4920;4410;5426;5290;4480;5300;8340;5430;5210;6160;4350;5395;5390;5220;5100;5370;5340;5000;5450;4860;;;;;;;;;;;;;;;;;;;;;;;;;;;;;;;;;;;;;;;;;;;
Aclaración de toxinas sistémicas: diálisis;2150;2100;2110;5620;5618;7690;2000;2001;2002;2005;2003;2004;2080;1910;2020;6680;1920;;;;;;;;;;;;;;;;;;;;;;;;;;;;;;;;;;;;;;;;;;;;;;;;;;;;;;;;;;;;;;;;;;
Adaptación a la discapacidad física;5230;2760;4360;5270;5250;5420;5240;5248;7180;5440;1800;1805;4470;4640;5480;5460;5330;3420;5310;5470;5820;5350;5612;5606;5618;5602;4920;4410;5520;5290;4480;8340;5430;5210;6610;6480;6486;4350;4354;5395;1850;4362;5400;5390;5220;5100;5370;4500;4700;4310;5450;;;;;;;;;;;;;;;;;;;;;;;;;;;;;;;;
Adaptación al traslado;;;;;;;;;;;;;;;;;;;;;;;;;;;;;;;;;;;;;;;;;;;;;;;;;;;;;;;;;;;;;;;;;;;;;;;;;;;;;;;;;;;
Adaptación del cuidador principal al ingreso del paciente en un centro sanitario;7040;5270;5230;7140;5250;5420;5240;5440;4640;5470;5820;4920;7100;5300;7560;7110;5430;5430;5210;7400;7130;5020;5370;4860;;;;;;;;;;;;;;;;;;;;;;;;;;;;;;;;;;;;;;;;;;;;;;;;;;;;;;;;;;;
Adaptación del niño a la hospitalización;5230;5820;5410;7140;7280;5270;5440;1800;4470;4640;5460;7310;5470;5900;5606;5618;5602;4920;4410;7100;7170;7560;7110;5210;5580;7330;6480;7130;1850;4360;7120;5340;7460;4430;5880;;;;;;;;;;;;;;;;;;;;;;;;;;;;;;;;;;;;;;;;;;;;;;;;
Adaptación del prematuro;1052;5240;5244;0840;5460;6840;1875;6820;5568;5655;1340;7104;6710;8300;6924;5210;6480;1410;1415;1850;1160;6680;2620;3350;3900;3902;6900;6650;6824;;;;;;;;;;;;;;;;;;;;;;;;;;;;;;;;;;;;;;;;;;;;;;;;;;;;;;
Adaptación del recién nacido;1052;5244;5460;6840;6820;5568;5655;6710;8300;6924;7690;1850;6680;3350;6900;6824;;;;;;;;;;;;;;;;;;;;;;;;;;;;;;;;;;;;;;;;;;;;;;;;;;;;;;;;;;;;;;;;;;;
Afrontamiento de los problemas de la familia;5230;7110;7130;4510;7140;7040;7280;5270;6400;6404;6403;6402;5250;5420;7500;5240;5247;7380;5440;4640;7910;7260;5820;5568;4920;4410;7100;7104;5426;5290;5294;5300;7170;5424;7200;8300;8340;7320;5430;5320;7330;6160;6487;5020;7120;5370;5000;5410;7150;;;;;;;;;;;;;;;;;;;;;;;;;;;;;;;;;;
Afrontamiento de problemas;5230;5290;5294;5370;6300;4420;7140;7040;7280;5270;5250;5420;5240;5242;5440;4470;4640;5480;5460;5330;7260;5310;5470;5820;5350;5900;5510;5606;4340;4370;4920;4410;7100;5426;5280;4480;5300;5960;5424;7560;7440;7200;8340;0200;5430;5210;7400;5920;5320;5580;6160;6487;6450;4350;4354;6460;2380;1410;1415;5020;1850;4360;7120;4400;5400;5390;5100;6760;5340;4500;4700;5000;1460;4330;4320;4430;5360;5450;6040;4860;5410;7150;5880
Alfabetización económica ;;;;;;;;;;;;;;;;;;;;;;;;;;;;;;;;;;;;;;;;;;;;;;;;;;;;;;;;;;;;;;;;;;;;;;;;;;;;;;;;;;;
Alteración del estilo de vida del cuidador principal;7040;7260;7140;5270;5250;7180;7380;5230;5440;7410;8180;8100;4340;4410;7100;7110;8340;7320;5430;5210;7400;7130;1850;5100;;;;;;;;;;;;;;;;;;;;;;;;;;;;;;;;;;;;;;;;;;;;;;;;;;;;;;;;;;;
Ambiente seguro del hogar ;6480;6486;6470;6404;6403;6402;7180;1800;5645;5648;5646;5647;5665;5666;5667;4380;7110;6610;6485;6487;6489;2380;6500;6490;;;;;;;;;;;;;;;;;;;;;;;;;;;;;;;;;;;;;;;;;;;;;;;;;;;;;;;;;;;
Ambular;0201;0221;0840;5612;0140;0202;0200;6480;6486;0180;2380;3480;6490;4310;0226;0222;0224;;;;;;;;;;;;;;;;;;;;;;;;;;;;;;;;;;;;;;;;;;;;;;;;;;;;;;;;;;;;;;;;;;
Ambular: silla de ruedas;0846;0201;1800;1806;0844;5612;0140;0202;0200;6486;0180;2380;6490;0226;0222;0224;;;;;;;;;;;;;;;;;;;;;;;;;;;;;;;;;;;;;;;;;;;;;;;;;;;;;;;;;;;;;;;;;;;
Apetito;1160;1120;1050;1803;5330;1020;1720;6480;0180;2380;1100;1450;1030;4120;1410;1415;1570;1710;4130;5880;;;;;;;;;;;;;;;;;;;;;;;;;;;;;;;;;;;;;;;;;;;;;;;;;;;;;;;;;;;;;;;
Apoyo familiar durante el tratamiento;7170;7110;5420;5618;5602;7100;7104;7560;7440;7320;5430;7400;7960;7330;7130;7120;7370;;;;;;;;;;;;;;;;;;;;;;;;;;;;;;;;;;;;;;;;;;;;;;;;;;;;;;;;;;;;;;;;;;
Atención al lado afectado;2760;4470;3420;0140;6480;6486;4360;4700;0226;;;;;;;;;;;;;;;;;;;;;;;;;;;;;;;;;;;;;;;;;;;;;;;;;;;;;;;;;;;;;;;;;;;;;;;;;;
Autocontrol: accidente cerebrovascular ;;;;;;;;;;;;;;;;;;;;;;;;;;;;;;;;;;;;;;;;;;;;;;;;;;;;;;;;;;;;;;;;;;;;;;;;;;;;;;;;;;;
Autocontol: alergia conocida ;;;;;;;;;;;;;;;;;;;;;;;;;;;;;;;;;;;;;;;;;;;;;;;;;;;;;;;;;;;;;;;;;;;;;;;;;;;;;;;;;;;
Autocontrol: anemia crónica ;;;;;;;;;;;;;;;;;;;;;;;;;;;;;;;;;;;;;;;;;;;;;;;;;;;;;;;;;;;;;;;;;;;;;;;;;;;;;;;;;;;
Autocontrol: arritmia;;;;;;;;;;;;;;;;;;;;;;;;;;;;;;;;;;;;;;;;;;;;;;;;;;;;;;;;;;;;;;;;;;;;;;;;;;;;;;;;;;;
Autocontrol: artritis ;;;;;;;;;;;;;;;;;;;;;;;;;;;;;;;;;;;;;;;;;;;;;;;;;;;;;;;;;;;;;;;;;;;;;;;;;;;;;;;;;;;
Autocontrol: asma;5602;3140;3210;2300;2311;2320;2304;4470;6200;5612;5614;5616;5618;5430;6486;0180;2380;5395;3250;3350;6550;;;;;;;;;;;;;;;;;;;;;;;;;;;;;;;;;;;;;;;;;;;;;;;;;;;;;;;;;;;;;;
Autocontro: cáncer ;;;;;;;;;;;;;;;;;;;;;;;;;;;;;;;;;;;;;;;;;;;;;;;;;;;;;;;;;;;;;;;;;;;;;;;;;;;;;;;;;;;
Autocontrol: diabetes;5614;5616;5618;5602;2312;2304;5247;5246;5230;4470;5603;5604;5620;5606;4480;5210;2120;2130;6530;2380;1100;5395;4035;6550;;;;;;;;;;;;;;;;;;;;;;;;;;;;;;;;;;;;;;;;;;;;;;;;;;;;;;;;;;;
Autocontrol: enfermedad aguda;;;;;;;;;;;;;;;;;;;;;;;;;;;;;;;;;;;;;;;;;;;;;;;;;;;;;;;;;;;;;;;;;;;;;;;;;;;;;;;;;;;
Autocontrol: enfermedad arterial coronaria;;;;;;;;;;;;;;;;;;;;;;;;;;;;;;;;;;;;;;;;;;;;;;;;;;;;;;;;;;;;;;;;;;;;;;;;;;;;;;;;;;;
Autocontrol: enfermedad arterial periférica;;;;;;;;;;;;;;;;;;;;;;;;;;;;;;;;;;;;;;;;;;;;;;;;;;;;;;;;;;;;;;;;;;;;;;;;;;;;;;;;;;;
Autocontrol: enfermedad cardíaca;5612;5614;5616;5602;5240;5246;5248;4470;4490;4046;5510;0200;0180;6530;2380;1100;1260;5395;6680;4050;4110;;;;;;;;;;;;;;;;;;;;;;;;;;;;;;;;;;;;;;;;;;;;;;;;;;;;;;;;;;;;;;
Autocontrol: enfermedad celiaca (celiaquía) ;;;;;;;;;;;;;;;;;;;;;;;;;;;;;;;;;;;;;;;;;;;;;;;;;;;;;;;;;;;;;;;;;;;;;;;;;;;;;;;;;;;
Autocontrol: enfermedad crónica;;;;;;;;;;;;;;;;;;;;;;;;;;;;;;;;;;;;;;;;;;;;;;;;;;;;;;;;;;;;;;;;;;;;;;;;;;;;;;;;;;;
Autocontrol: enfermedad inflamatoria intestinal ;;;;;;;;;;;;;;;;;;;;;;;;;;;;;;;;;;;;;;;;;;;;;;;;;;;;;;;;;;;;;;;;;;;;;;;;;;;;;;;;;;;
Autocontrol: enfermedad pulmonar obstructiva crónica;;;;;;;;;;;;;;;;;;;;;;;;;;;;;;;;;;;;;;;;;;;;;;;;;;;;;;;;;;;;;;;;;;;;;;;;;;;;;;;;;;;
Autocontrol: enfermedad renal;;;;;;;;;;;;;;;;;;;;;;;;;;;;;;;;;;;;;;;;;;;;;;;;;;;;;;;;;;;;;;;;;;;;;;;;;;;;;;;;;;;
Autocontrol: esclerosis múltiple;5612;5614;5616;5602;2313;2304;5250;4470;0200;5430;0590;0180;6530;2380;0430;5395;;;;;;;;;;;;;;;;;;;;;;;;;;;;;;;;;;;;;;;;;;;;;;;;;;;;;;;;;;;;;;;;;;;
Autocontrol: herida;;;;;;;;;;;;;;;;;;;;;;;;;;;;;;;;;;;;;;;;;;;;;;;;;;;;;;;;;;;;;;;;;;;;;;;;;;;;;;;;;;;
Autocontrol: hipertensión;;;;;;;;;;;;;;;;;;;;;;;;;;;;;;;;;;;;;;;;;;;;;;;;;;;;;;;;;;;;;;;;;;;;;;;;;;;;;;;;;;;
Autocontrol: infección ;;;;;;;;;;;;;;;;;;;;;;;;;;;;;;;;;;;;;;;;;;;;;;;;;;;;;;;;;;;;;;;;;;;;;;;;;;;;;;;;;;;
Autocontrol: insuficiencia cardíaca;;;;;;;;;;;;;;;;;;;;;;;;;;;;;;;;;;;;;;;;;;;;;;;;;;;;;;;;;;;;;;;;;;;;;;;;;;;;;;;;;;;
Autocontrol: linfedema ;;;;;;;;;;;;;;;;;;;;;;;;;;;;;;;;;;;;;;;;;;;;;;;;;;;;;;;;;;;;;;;;;;;;;;;;;;;;;;;;;;;
 Autocontrol: neumonía ;;;;;;;;;;;;;;;;;;;;;;;;;;;;;;;;;;;;;;;;;;;;;;;;;;;;;;;;;;;;;;;;;;;;;;;;;;;;;;;;;;;
Autocontrol: osteoporosis;;;;;;;;;;;;;;;;;;;;;;;;;;;;;;;;;;;;;;;;;;;;;;;;;;;;;;;;;;;;;;;;;;;;;;;;;;;;;;;;;;;
Autocontrol: trastorno del espectro autista ;;;;;;;;;;;;;;;;;;;;;;;;;;;;;;;;;;;;;;;;;;;;;;;;;;;;;;;;;;;;;;;;;;;;;;;;;;;;;;;;;;;
Autocontrol: trastorno lipídico;;;;;;;;;;;;;;;;;;;;;;;;;;;;;;;;;;;;;;;;;;;;;;;;;;;;;;;;;;;;;;;;;;;;;;;;;;;;;;;;;;;
Autocontrol: tratamiento anticoagulante;;;;;;;;;;;;;;;;;;;;;;;;;;;;;;;;;;;;;;;;;;;;;;;;;;;;;;;;;;;;;;;;;;;;;;;;;;;;;;;;;;;
Autocontrol: virus de la inmunodeficiencia humana (VIH) ;;;;;;;;;;;;;;;;;;;;;;;;;;;;;;;;;;;;;;;;;;;;;;;;;;;;;;;;;;;;;;;;;;;;;;;;;;;;;;;;;;;
Autocontrol de la agresión;4640;6487;4420;6630;5270;6400;5240;5230;4470;5330;4340;4370;4380;5290;4480;5300;0200;5430;6160;4350;2380;4360;5390;6500;4700;6420;6580;5450;5880;;;;;;;;;;;;;;;;;;;;;;;;;;;;;;;;;;;;;;;;;;;;;;;;;;;;;;
Autocontrol de la ansiedad;5230;5260;6040;2300;5420;5240;5440;7680;5860;8180;5460;5820;5900;5610;5840;4920;5290;5300;5960;0200;5430;5210;6000;5580;6480;4350;6460;0460;1450;1440;1480;1850;4400;6760;2390;5340;1460;4320;4430;5360;5450;5880;;;;;;;;;;;;;;;;;;;;;;;;;;;;;;;;;;;;;;;;;
Autocontrol de la conducta abusiva;4640;6487;5270;6400;6404;6403;6402;5240;5230;4470;8100;4370;4480;6610;6486;4350;4356;4360;4510;4514;4512;6650;;;;;;;;;;;;;;;;;;;;;;;;;;;;;;;;;;;;;;;;;;;;;;;;;;;;;;;;;;;;;
Autocontrol de la depresión;4470;5330;8340;1410;1415;5395;4420;5270;5230;5310;5612;5616;5618;4410;5290;5294;5300;0200;5430;7400;6610;4740;4350;4354;0180;2380;1100;1260;1850;4360;4400;5400;5390;5100;5340;4500;4700;5000;4330;4320;4430;4310;5360;5450;;;;;;;;;;;;;;;;;;;;;;;;;;;;;;;;;;;;;;;
Autocontrol de la ira;;;;;;;;;;;;;;;;;;;;;;;;;;;;;;;;;;;;;;;;;;;;;;;;;;;;;;;;;;;;;;;;;;;;;;;;;;;;;;;;;;;
Autocontrol de la mutilación;5230;3660;6487;4354;4420;2300;6630;5270;5240;4640;6430;5330;5820;4370;4380;4410;4480;6610;6486;4350;4360;5400;5390;6340;4700;6420;6580;4320;4310;5450;7150;5880;;;;;;;;;;;;;;;;;;;;;;;;;;;;;;;;;;;;;;;;;;;;;;;;;;;
Autocontrol de las convulsiones;2380;2680;2540;6650;2300;5240;5820;5510;5612;5606;5616;5618;5602;6610;6486;3140;1850;2590;2620;5100;5370;3200;;;;;;;;;;;;;;;;;;;;;;;;;;;;;;;;;;;;;;;;;;;;;;;;;;;;;;;;;;;;;
Autocontrol de los impulsos;5230;4370;4380;4420;2300;6630;5240;5440;4470;4640;5330;5820;4410;4480;5430;6610;6487;6486;4350;4354;4352;4356;4360;4362;5390;6470;6500;4500;6340;6420;6580;4390;5450;4510;5880;;;;;;;;;;;;;;;;;;;;;;;;;;;;;;;;;;;;;;;;;;;;;;;;
Autocontrol del impulso suicida;6487;4354;6340;4420;6630;5270;5230;4640;5330;5310;4370;5290;5430;6486;6450;2380;6510;4360;6470;4500;4700;6420;6580;5450;;;;;;;;;;;;;;;;;;;;;;;;;;;;;;;;;;;;;;;;;;;;;;;;;;;;;;;;;;;
Autocontrol del miedo;5230;5820;7140;5270;5250;5420;5240;5440;7680;5860;5465;5260;5470;5610;5618;5840;4920;5922;5960;7110;5430;5210;6000;5580;6160;6480;1410;1415;7120;5400;5370;6760;5340;1460;6040;6300;5880;;;;;;;;;;;;;;;;;;;;;;;;;;;;;;;;;;;;;;;;;;;;;;
Autocontrol del pánico ;;;;;;;;;;;;;;;;;;;;;;;;;;;;;;;;;;;;;;;;;;;;;;;;;;;;;;;;;;;;;;;;;;;;;;;;;;;;;;;;;;;
Autocontrol del pensamiento distorsionado;6450;6510;5330;5820;4720;6480;6486;4350;6460;2380;6440;1850;4360;4820;4700;4330;4390;4310;5450;6670;5880;;;;;;;;;;;;;;;;;;;;;;;;;;;;;;;;;;;;;;;;;;;;;;;;;;;;;;;;;;;;;;
Autocontrol del trastorno de la alimentación;;;;;;;;;;;;;;;;;;;;;;;;;;;;;;;;;;;;;;;;;;;;;;;;;;;;;;;;;;;;;;;;;;;;;;;;;;;;;;;;;;;
Autocuidado de la ostomía;0480;0430;2300;2316;5246;1801;6540;3584;3660;3440;0470;5614;5620;5606;5618;6410;0460;1100;4120;3500;6570;6550;4140;3590;;;;;;;;;;;;;;;;;;;;;;;;;;;;;;;;;;;;;;;;;;;;;;;;;;;;;;;;;;;
Autocuidados: actividades de la vida diaria (AVD);1800;5606;0201;5395;1050;7040;1803;1804;1801;1806;1802;5330;5612;4480;0140;0202;0200;7320;6480;6482;6450;6462;0180;1710;6490;1730;0221;0226;0222;0224;4510;;;;;;;;;;;;;;;;;;;;;;;;;;;;;;;;;;;;;;;;;;;;;;;;;;;;
Autocuidados: actividades instrumentales de la vida diaria (AIVD);7180;1805;5395;7380;7910;5330;8100;5510;5614;5620;5606;5616;0140;0200;0201;7400;6480;6485;6486;6450;0180;5515;4510;;;;;;;;;;;;;;;;;;;;;;;;;;;;;;;;;;;;;;;;;;;;;;;;;;;;;;;;;;;;
Autocuidados: baño;1801;1610;1680;1640;1650;1660;1670;1750;5606;0200;7330;6482;6486;6462;0180;1710;6490;7460;3590;;;;;;;;;;;;;;;;;;;;;;;;;;;;;;;;;;;;;;;;;;;;;;;;;;;;;;;;;;;;;;;;
Autocuidados: comer;1803;1050;0840;5614;7110;6480;6460;1100;1710;1160;3200;1860;;;;;;;;;;;;;;;;;;;;;;;;;;;;;;;;;;;;;;;;;;;;;;;;;;;;;;;;;;;;;;;;;;;;;;;
Autocuidados: higiene;1801;1802;4420;1804;1610;1620;1680;1640;1650;1660;1780;1670;1750;5606;1720;7330;6462;0180;1710;7460;1730;1630;3590;;;;;;;;;;;;;;;;;;;;;;;;;;;;;;;;;;;;;;;;;;;;;;;;;;;;;;;;;;;;
Autocuidados: higiene oral;1710;1730;1803;1801;5620;5606;1720;;;;;;;;;;;;;;;;;;;;;;;;;;;;;;;;;;;;;;;;;;;;;;;;;;;;;;;;;;;;;;;;;;;;;;;;;;;;
Autocuidados: medicación no parenteral;1800;5616;2300;2301;2311;2320;2310;2304;2315;2316;2318;2308;3584;5602;5520;5395;;;;;;;;;;;;;;;;;;;;;;;;;;;;;;;;;;;;;;;;;;;;;;;;;;;;;;;;;;;;;;;;;;;
Autocuidados: medicación parenteral;5620;5616;2312;2313;2314;2317;2400;5602;5520;5395;;;;;;;;;;;;;;;;;;;;;;;;;;;;;;;;;;;;;;;;;;;;;;;;;;;;;;;;;;;;;;;;;;;;;;;;;
Autocuidados: uso del inodoro;1804;6480;0430;0410;0610;0480;0412;1750;0470;0600;0440;0640;0200;6486;0460;0590;2380;4120;0450;0490;4978;4130;0221;0224;3590;;;;;;;;;;;;;;;;;;;;;;;;;;;;;;;;;;;;;;;;;;;;;;;;;;;;;;;;;;
Autocuidados: vestir;1802;1800;1670;5606;0200;7330;6480;6482;6486;0180;4978;6490;7460;1630;;;;;;;;;;;;;;;;;;;;;;;;;;;;;;;;;;;;;;;;;;;;;;;;;;;;;;;;;;;;;;;;;;;;;
Autoestima;5400;5220;6300;5270;5420;5240;5230;5440;4680;5330;5562;5566;4340;4920;5290;5300;8272;8274;8340;0140;5430;6160;4740;1030;1260;5395;4360;4362;5390;5100;5370;4700;5000;4390;4310;5450;4510;;;;;;;;;;;;;;;;;;;;;;;;;;;;;;;;;;;;;;;;;;;;;;
Autogestión de las actividades instrumentales de la vida diaria (AIVD) ;;;;;;;;;;;;;;;;;;;;;;;;;;;;;;;;;;;;;;;;;;;;;;;;;;;;;;;;;;;;;;;;;;;;;;;;;;;;;;;;;;;
Autogestión de los cuidados;4480;5250;5230;5480;4340;7330;;;;;;;;;;;;;;;;;;;;;;;;;;;;;;;;;;;;;;;;;;;;;;;;;;;;;;;;;;;;;;;;;;;;;;;;;;;;;
Autonomía personal;5250;7400;6300;5270;6400;5242;5230;4470;4640;5480;5310;5820;5510;5606;4340;4920;4410;5520;4480;8340;5210;7330;5020;5395;4360;5400;5390;5370;7460;4700;;;;;;;;;;;;;;;;;;;;;;;;;;;;;;;;;;;;;;;;;;;;;;;;;;;;;
Bienestar del cuidador principal;7040;7260;5606;7140;5270;5250;5420;7180;7380;5230;5440;4640;5330;5310;8100;7100;5290;5300;7110;7200;8340;5430;7130;7120;5400;5100;5370;;;;;;;;;;;;;;;;;;;;;;;;;;;;;;;;;;;;;;;;;;;;;;;;;;;;;;;;
Bienestar personal;5480;5465;5426;0180;1850;5390;1320;6520;7140;5270;5250;5420;1330;5240;5230;5440;4470;4680;5330;5310;5510;5840;4920;7100;5520;5280;4480;5960;5424;7560;8340;0200;6926;7400;5320;6610;6000;6480;2380;1410;1415;4400;5400;5100;5370;3900;1460;5360;6040;;;;;;;;;;;;;;;;;;;;;;;;;;;;;;;;;;
Caídas;6610;6490;7180;1800;7980;6486;6460;6462;6420;;;;;;;;;;;;;;;;;;;;;;;;;;;;;;;;;;;;;;;;;;;;;;;;;;;;;;;;;;;;;;;;;;;;;;;;;;
Calidad de vida;5480;5350;7140;5270;5250;5420;7500;5240;5230;5440;5330;5310;4920;7100;5290;4480;7110;8340;5430;5320;5400;5390;5100;5370;7460;4860;;;;;;;;;;;;;;;;;;;;;;;;;;;;;;;;;;;;;;;;;;;;;;;;;;;;;;;;;
Cese de la desatención;6400;7110;7040;5420;7500;5240;7180;7380;5230;5440;4640;6160;4360;7120;7150;;;;;;;;;;;;;;;;;;;;;;;;;;;;;;;;;;;;;;;;;;;;;;;;;;;;;;;;;;;;;;;;;;;;
Cese del abuso;6400;4350;6404;6403;6402;5240;5230;4640;6610;6487;5400;;;;;;;;;;;;;;;;;;;;;;;;;;;;;;;;;;;;;;;;;;;;;;;;;;;;;;;;;;;;;;;;;;;;;;;;
Clima social de la familia;7100;7104;5290;7110;7130;7140;7040;7280;5270;6400;6404;6403;6402;5250;5420;5240;7180;5440;5480;4410;5294;6710;8272;8274;7200;8300;8340;5430;4350;4352;5020;4360;4362;5390;5100;5370;4500;5000;7150;4510;;;;;;;;;;;;;;;;;;;;;;;;;;;;;;;;;;;;;;;;;;;
Coagulación sanguínea;4010;4030;6200;4020;;;;;;;;;;;;;;;;;;;;;;;;;;;;;;;;;;;;;;;;;;;;;;;;;;;;;;;;;;;;;;;;;;;;;;;;;;;;;;;
Cognición;5250;5330;5310;4760;6486;2620;7140;5820;4920;4720;5520;7110;6480;4350;6460;6462;4180;2380;4120;2080;6440;1910;2550;4976;2590;4820;3320;6470;5340;6490;7460;4700;6420;4390;4310;4860;5880;;;;;;;;;;;;;;;;;;;;;;;;;;;;;;;;;;;;;;;;;;;;;;
Competencia social;8700;6484;8810;8840;7970;6520;8820;5510;8340;8500;9050;6610;6487;6486;6489;6530;8550;5020;6648;8880;6652;;;;;;;;;;;;;;;;;;;;;;;;;;;;;;;;;;;;;;;;;;;;;;;;;;;;;;;;;;;;;;
Comportamiento de alfabetización en salud ;;;;;;;;;;;;;;;;;;;;;;;;;;;;;;;;;;;;;;;;;;;;;;;;;;;;;;;;;;;;;;;;;;;;;;;;;;;;;;;;;;;
Compromiso del paciente ;;;;;;;;;;;;;;;;;;;;;;;;;;;;;;;;;;;;;;;;;;;;;;;;;;;;;;;;;;;;;;;;;;;;;;;;;;;;;;;;;;;
Comunicación;4920;4974;4976;5100;5000;4680;5460;5820;4340;5280;8272;8274;5320;7330;6480;4978;5340;4330;;;;;;;;;;;;;;;;;;;;;;;;;;;;;;;;;;;;;;;;;;;;;;;;;;;;;;;;;;;;;;;;;
Comunicación: expresiva;4976;4680;5820;4340;4920;8272;8274;7330;4974;4978;5100;5000;;;;;;;;;;;;;;;;;;;;;;;;;;;;;;;;;;;;;;;;;;;;;;;;;;;;;;;;;;;;;;;;;;;;;;;
Comunicación: receptiva;5820;4974;4978;4920;4720;5520;8272;8274;7330;6480;4976;5390;5540;5340;;;;;;;;;;;;;;;;;;;;;;;;;;;;;;;;;;;;;;;;;;;;;;;;;;;;;;;;;;;;;;;;;;;;;
Concentración;5820;4720;2210;5270;5460;5900;5840;4920;5520;5210;6000;6480;4352;6460;0180;2130;2380;6510;6440;2550;4974;4976;4978;4820;5540;5340;4390;6040;4860;4510;5880;;;;;;;;;;;;;;;;;;;;;;;;;;;;;;;;;;;;;;;;;;;;;;;;;;;;
Conciencia de uno mismo;;;;;;;;;;;;;;;;;;;;;;;;;;;;;;;;;;;;;;;;;;;;;;;;;;;;;;;;;;;;;;;;;;;;;;;;;;;;;;;;;;;
Conducta de abandono del consumo de alcohol;4470;4510;6520;5240;5230;5602;4480;7110;5430;2380;5395;4360;5390;4512;;;;;;;;;;;;;;;;;;;;;;;;;;;;;;;;;;;;;;;;;;;;;;;;;;;;;;;;;;;;;;;;;;;;;
Conducta de abandono del consumo de drogas;4470;5390;4510;6520;5240;5230;4480;7110;5430;2380;5395;4360;4514;;;;;;;;;;;;;;;;;;;;;;;;;;;;;;;;;;;;;;;;;;;;;;;;;;;;;;;;;;;;;;;;;;;;;;
Conducta de abandono del consumo de tabaco;6520;4490;5240;5230;5440;4470;4480;5430;2380;5395;5390;;;;;;;;;;;;;;;;;;;;;;;;;;;;;;;;;;;;;;;;;;;;;;;;;;;;;;;;;;;;;;;;;;;;;;;;
Conducta de adhesión;5510;4480;5210;7400;6520;5270;5250;5240;5230;5440;4470;4490;5480;8180;5606;5520;0200;6610;5395;4360;5390;5540;;;;;;;;;;;;;;;;;;;;;;;;;;;;;;;;;;;;;;;;;;;;;;;;;;;;;;;;;;;;;
Conducta de adhesión: dieta saludable;5510;1160;5246;4470;4410;4480;7330;1260;;;;;;;;;;;;;;;;;;;;;;;;;;;;;;;;;;;;;;;;;;;;;;;;;;;;;;;;;;;;;;;;;;;;;;;;;;;
Conducta de aumento de peso;5246;1240;2300;1200;1056;7500;5440;1803;1874;5612;5614;5616;1720;5430;2380;1100;1030;2080;1710;1160;1730;1080;1860;1120;;;;;;;;;;;;;;;;;;;;;;;;;;;;;;;;;;;;;;;;;;;;;;;;;;;;;;;;;;;
Conducta de búsqueda de la salud;5250;5510;5606;4420;6520;5270;5240;5246;5248;5440;4470;4490;4680;5480;5612;5614;5616;5618;5602;5622;4410;7100;5520;4480;8272;8274;8300;9050;0200;5430;5210;7400;7330;1100;1260;5395;5515;1850;5390;5540;4500;4310;4510;;;;;;;;;;;;;;;;;;;;;;;;;;;;;;;;;;;;;;;;
Conducta de compensación auditiva;4974;2308;5270;0840;1640;4720;6480;4976;0222;;;;;;;;;;;;;;;;;;;;;;;;;;;;;;;;;;;;;;;;;;;;;;;;;;;;;;;;;;;;;;;;;;;;;;;;;;
Conducta de compensación visual;6480;4978;2310;1050;5270;0840;4720;6490;0222;;;;;;;;;;;;;;;;;;;;;;;;;;;;;;;;;;;;;;;;;;;;;;;;;;;;;;;;;;;;;;;;;;;;;;;;;;
Conducta de cumplimiento;5230;4470;5395;4420;7140;5270;5250;5240;5246;7380;5440;4490;4680;5480;8180;5562;5566;5568;5510;5612;5614;5620;5606;5616;5618;5602;5622;4410;5520;4480;7110;7320;5430;5210;7400;6610;7330;5515;4360;7120;7370;5390;5540;4500;7460;4700;8190;6650;;;;;;;;;;;;;;;;;;;;;;;;;;;;;;;;;;;
Conducta de cumplimiento: actividad prescrita;;;;;;;;;;;;;;;;;;;;;;;;;;;;;;;;;;;;;;;;;;;;;;;;;;;;;;;;;;;;;;;;;;;;;;;;;;;;;;;;;;;
Conducta de cumplimiento: dieta prescrita;5246;5614;5440;5660;5661;5662;4410;1020;4480;7400;7330;1100;1030;4120;5395;4360;1160;4130;7370;5540;;;;;;;;;;;;;;;;;;;;;;;;;;;;;;;;;;;;;;;;;;;;;;;;;;;;;;;;;;;;;;;
Conducta de cumplimiento: medicación prescrita;5616;2300;2313;2314;2317;2316;2395;3584;5620;4410;4480;7330;2380;2240;4270;5395;4360;7370;5540;2280;;;;;;;;;;;;;;;;;;;;;;;;;;;;;;;;;;;;;;;;;;;;;;;;;;;;;;;;;;;;;;;
Conducta de fomento de la salud;4470;5510;6520;5270;5240;5247;5246;7380;5230;5440;4490;6960;5820;5622;4410;6522;5426;4480;1720;0202;0200;0201;5430;6610;7330;6486;0180;6530;1100;1260;5395;1850;4360;5390;5100;6648;4500;6550;;;;;;;;;;;;;;;;;;;;;;;;;;;;;;;;;;;;;;;;;;;;;
Conducta de la salud maternal en el postparto;6930;5246;5248;5440;5330;6750;1750;5820;0560;5612;7104;6710;0140;0200;5430;5210;7400;0180;1410;1415;1850;1160;4130;6784;6550;6650;;;;;;;;;;;;;;;;;;;;;;;;;;;;;;;;;;;;;;;;;;;;;;;;;;;;;;;;;
Conducta de mantenimiento del peso;1260;1160;5246;5606;1100;4120;1850;5390;;;;;;;;;;;;;;;;;;;;;;;;;;;;;;;;;;;;;;;;;;;;;;;;;;;;;;;;;;;;;;;;;;;;;;;;;;;
Conducta de pérdida de peso;1280;1100;1160;5246;4470;4410;0200;5430;1030;5400;;;;;;;;;;;;;;;;;;;;;;;;;;;;;;;;;;;;;;;;;;;;;;;;;;;;;;;;;;;;;;;;;;;;;;;;;
Conducta de prevención de caídas;6486;6490;1800;0840;0846;6610;6460;2380;6470;2690;6420;;;;;;;;;;;;;;;;;;;;;;;;;;;;;;;;;;;;;;;;;;;;;;;;;;;;;;;;;;;;;;;;;;;;;;;;
Conducta personal de detección precoz de enfermedades;;;;;;;;;;;;;;;;;;;;;;;;;;;;;;;;;;;;;;;;;;;;;;;;;;;;;;;;;;;;;;;;;;;;;;;;;;;;;;;;;;;
Conducta sanitaria prenatal;5247;6960;5510;6403;5246;5248;4470;4490;5622;1720;9050;0140;0200;6610;6614;6486;2380;1100;1260;1710;6772;6788;4500;4510;4512;;;;;;;;;;;;;;;;;;;;;;;;;;;;;;;;;;;;;;;;;;;;;;;;;;;;;;;;;;
Conductas de seguridad personal;5510;6486;7180;4640;5606;5622;4370;9050;6610;6487;6410;2380;3180;3210;4360;2690;6570;4010;6648;4500;;;;;;;;;;;;;;;;;;;;;;;;;;;;;;;;;;;;;;;;;;;;;;;;;;;;;;;;;;;;;;;
Conductas de vacunación;6610;6530;5250;5568;5510;5606;5210;7400;6550;;;;;;;;;;;;;;;;;;;;;;;;;;;;;;;;;;;;;;;;;;;;;;;;;;;;;;;;;;;;;;;;;;;;;;;;;;
Conocimiento: actividad prescrita;5612;4420;5604;5520;0200;0180;5540;0221;0226;;;;;;;;;;;;;;;;;;;;;;;;;;;;;;;;;;;;;;;;;;;;;;;;;;;;;;;;;;;;;;;;;;;;;;;;;;
Conocimiento: alimentación con biberón;;;;;;;;;;;;;;;;;;;;;;;;;;;;;;;;;;;;;;;;;;;;;;;;;;;;;;;;;;;;;;;;;;;;;;;;;;;;;;;;;;;
Conocimiento: alimentación con taza;;;;;;;;;;;;;;;;;;;;;;;;;;;;;;;;;;;;;;;;;;;;;;;;;;;;;;;;;;;;;;;;;;;;;;;;;;;;;;;;;;;
Conocimiento: conducta sanitaria;6520;5510;5606;5247;5242;5246;4470;4490;5480;5820;5562;5566;5568;5612;5603;5614;5604;5620;5616;5622;4920;6522;5520;4480;1720;9050;0200;5210;7400;6610;6612;6486;6489;0180;6530;1100;6784;5390;5540;6648;4500;6040;;;;;;;;;;;;;;;;;;;;;;;;;;;;;;;;;;;;;;;;;
Conocimiento: conservación de la energía;5612;0180;4046;5510;5604;5606;5602;5520;0140;5540;;;;;;;;;;;;;;;;;;;;;;;;;;;;;;;;;;;;;;;;;;;;;;;;;;;;;;;;;;;;;;;;;;;;;;;;;
Conocimiento: control de la diabetes;5614;5616;5602;2317;5612;5603;5620;5520;2120;2130;2380;1100;5540;;;;;;;;;;;;;;;;;;;;;;;;;;;;;;;;;;;;;;;;;;;;;;;;;;;;;;;;;;;;;;;;;;;;;;
Conocimiento: control de la enfermedad cardíaca;5602;4050;5246;5248;4490;1280;4040;4046;5820;5612;5614;5616;5618;5520;7110;8340;5430;7400;6610;7330;0180;1260;5540;6040;;;;;;;;;;;;;;;;;;;;;;;;;;;;;;;;;;;;;;;;;;;;;;;;;;;;;;;;;;;
Conocimiento: control de la hipertensión;5616;5602;5246;4490;5614;5618;0200;7400;2380;6680;;;;;;;;;;;;;;;;;;;;;;;;;;;;;;;;;;;;;;;;;;;;;;;;;;;;;;;;;;;;;;;;;;;;;;;;;
Conocimiento: control de la infección;6540;5622;6610;6550;3660;3440;5510;5620;5606;5616;5618;5602;5520;7400;2380;5540;;;;;;;;;;;;;;;;;;;;;;;;;;;;;;;;;;;;;;;;;;;;;;;;;;;;;;;;;;;;;;;;;;;
Conocimiento: control del consumo de sustancias;4500;4510;5247;4490;5510;5604;5606;5616;5520;7400;4350;2380;5540;;;;;;;;;;;;;;;;;;;;;;;;;;;;;;;;;;;;;;;;;;;;;;;;;;;;;;;;;;;;;;;;;;;;;;
Conocimiento: cuidado de los hijos;5562;5566;5568;6402;5244;5246;5634;5604;5606;5660;5661;5662;5665;5666;5667;5622;5624;5520;8272;8274;8300;9050;5210;6610;6486;5540;;;;;;;;;;;;;;;;;;;;;;;;;;;;;;;;;;;;;;;;;;;;;;;;;;;;;;;;;
Conocimiento: cuidados de la ostomía;0480;5606;2316;3584;5612;5614;5620;5616;5618;5602;5520;5580;5540;3590;;;;;;;;;;;;;;;;;;;;;;;;;;;;;;;;;;;;;;;;;;;;;;;;;;;;;;;;;;;;;;;;;;;;;
Conocimiento: cuidados del lactante;5568;6710;1052;5244;1054;3000;6820;5655;5656;5657;5606;5640;5643;5641;5642;5645;5648;5646;5647;5520;8300;5210;5540;6760;6900;6824;;;;;;;;;;;;;;;;;;;;;;;;;;;;;;;;;;;;;;;;;;;;;;;;;;;;;;;;;
Conocimiento: cuidados del recién nacido pretérmino;7380;5568;5655;6710;7400;;;;;;;;;;;;;;;;;;;;;;;;;;;;;;;;;;;;;;;;;;;;;;;;;;;;;;;;;;;;;;;;;;;;;;;;;;;;;;
Conocimiento: dieta prescrita;5246;5614;5606;5247;5244;4470;6960;5566;5510;5604;5520;4480;7400;2240;1030;1260;5540;;;;;;;;;;;;;;;;;;;;;;;;;;;;;;;;;;;;;;;;;;;;;;;;;;;;;;;;;;;;;;;;;;
Conocimiento: dieta saludable;;;;;;;;;;;;;;;;;;;;;;;;;;;;;;;;;;;;;;;;;;;;;;;;;;;;;;;;;;;;;;;;;;;;;;;;;;;;;;;;;;;
Conocimiento: estilo de vida saludable;5510;5520;7400;6610;5540;6520;5247;5242;5246;5230;4490;5612;5603;5614;5606;5616;5618;5622;5624;6522;1720;9050;0200;5210;6614;6410;6530;2380;1260;5515;6760;4500;6550;6040;;;;;;;;;;;;;;;;;;;;;;;;;;;;;;;;;;;;;;;;;;;;;;;;;
Conocimiento: fomento de la fertilidad;6786;7160;5247;5618;5622;5520;7886;7820;5540;7460;;;;;;;;;;;;;;;;;;;;;;;;;;;;;;;;;;;;;;;;;;;;;;;;;;;;;;;;;;;;;;;;;;;;;;;;;
Conocimiento: funcionamiento sexual;5622;5624;4356;5248;4470;5820;5562;5566;5606;4370;5520;5290;5280;4480;5300;6784;5400;5390;5540;4500;;;;;;;;;;;;;;;;;;;;;;;;;;;;;;;;;;;;;;;;;;;;;;;;;;;;;;;;;;;;;;;
Conocimiento: funcionamiento sexual durante el embarazo y el postparto;6930;6960;5248;5330;5606;5622;7330;6784;;;;;;;;;;;;;;;;;;;;;;;;;;;;;;;;;;;;;;;;;;;;;;;;;;;;;;;;;;;;;;;;;;;;;;;;;;;
Conocimiento: gestación;6960;6760;5246;5648;5330;6800;5510;5612;5614;5606;5616;5520;0140;5210;7400;6480;0180;2380;1260;5540;4500;6040;;;;;;;;;;;;;;;;;;;;;;;;;;;;;;;;;;;;;;;;;;;;;;;;;;;;;;;;;;;;;
Conocimiento: gestión del tiempo;;;;;;;;;;;;;;;;;;;;;;;;;;;;;;;;;;;;;;;;;;;;;;;;;;;;;;;;;;;;;;;;;;;;;;;;;;;;;;;;;;;
Conocimiento: lactancia materna;5244;6870;1052;5568;5655;5656;5657;5606;5640;5643;5641;5642;5520;5430;5210;7400;5540;6760;6900;3590;;;;;;;;;;;;;;;;;;;;;;;;;;;;;;;;;;;;;;;;;;;;;;;;;;;;;;;;;;;;;;;
Conocimiento: manejo de heridas ;;;;;;;;;;;;;;;;;;;;;;;;;;;;;;;;;;;;;;;;;;;;;;;;;;;;;;;;;;;;;;;;;;;;;;;;;;;;;;;;;;;
Conocimiento: manejo de la alergia ;;;;;;;;;;;;;;;;;;;;;;;;;;;;;;;;;;;;;;;;;;;;;;;;;;;;;;;;;;;;;;;;;;;;;;;;;;;;;;;;;;;
Conocimiento: manejo de la anemia crónica ;;;;;;;;;;;;;;;;;;;;;;;;;;;;;;;;;;;;;;;;;;;;;;;;;;;;;;;;;;;;;;;;;;;;;;;;;;;;;;;;;;;
Conocimiento: manejo de la arritmia;;;;;;;;;;;;;;;;;;;;;;;;;;;;;;;;;;;;;;;;;;;;;;;;;;;;;;;;;;;;;;;;;;;;;;;;;;;;;;;;;;;
Conocimiento: manejo de la artritis;5612;5602;1280;5614;5606;5616;0200;5430;7400;6486;0180;1410;1415;1260;0224;;;;;;;;;;;;;;;;;;;;;;;;;;;;;;;;;;;;;;;;;;;;;;;;;;;;;;;;;;;;;;;;;;;;
Conocimiento: manejo de la demencia;;;;;;;;;;;;;;;;;;;;;;;;;;;;;;;;;;;;;;;;;;;;;;;;;;;;;;;;;;;;;;;;;;;;;;;;;;;;;;;;;;;
Conocimiento: manejo de la depresión;5616;5618;2395;5330;5602;5430;7400;4740;2380;5400;5390;4500;;;;;;;;;;;;;;;;;;;;;;;;;;;;;;;;;;;;;;;;;;;;;;;;;;;;;;;;;;;;;;;;;;;;;;;
Conocimiento: manejo de la enfermedad aguda;;;;;;;;;;;;;;;;;;;;;;;;;;;;;;;;;;;;;;;;;;;;;;;;;;;;;;;;;;;;;;;;;;;;;;;;;;;;;;;;;;;
Conocimiento: manejo de la enfermedad arterial coronaria;;;;;;;;;;;;;;;;;;;;;;;;;;;;;;;;;;;;;;;;;;;;;;;;;;;;;;;;;;;;;;;;;;;;;;;;;;;;;;;;;;;
Conocimiento: manejo de la enfermedad arterial periférica;;;;;;;;;;;;;;;;;;;;;;;;;;;;;;;;;;;;;;;;;;;;;;;;;;;;;;;;;;;;;;;;;;;;;;;;;;;;;;;;;;;
Conocimiento: manejo de la enfermedad celiaca ;;;;;;;;;;;;;;;;;;;;;;;;;;;;;;;;;;;;;;;;;;;;;;;;;;;;;;;;;;;;;;;;;;;;;;;;;;;;;;;;;;;
Conocimiento: manejo de la enfermedad cerebrovascular;;;;;;;;;;;;;;;;;;;;;;;;;;;;;;;;;;;;;;;;;;;;;;;;;;;;;;;;;;;;;;;;;;;;;;;;;;;;;;;;;;;
Conocimiento: manejo de la enfermedad crónica;;;;;;;;;;;;;;;;;;;;;;;;;;;;;;;;;;;;;;;;;;;;;;;;;;;;;;;;;;;;;;;;;;;;;;;;;;;;;;;;;;;
Conocimiento: manejo de la enfermedad inflamatoria intestinal;;;;;;;;;;;;;;;;;;;;;;;;;;;;;;;;;;;;;;;;;;;;;;;;;;;;;;;;;;;;;;;;;;;;;;;;;;;;;;;;;;;
Conocimiento: manejo de la enfermedad pulmonar obstructiva crónica;;;;;;;;;;;;;;;;;;;;;;;;;;;;;;;;;;;;;;;;;;;;;;;;;;;;;;;;;;;;;;;;;;;;;;;;;;;;;;;;;;;
Conocimiento: manejo de la enfermedad renal;;;;;;;;;;;;;;;;;;;;;;;;;;;;;;;;;;;;;;;;;;;;;;;;;;;;;;;;;;;;;;;;;;;;;;;;;;;;;;;;;;;
Conocimiento: manejo de la epilepsia ;;;;;;;;;;;;;;;;;;;;;;;;;;;;;;;;;;;;;;;;;;;;;;;;;;;;;;;;;;;;;;;;;;;;;;;;;;;;;;;;;;;
Conocimiento: manejo de la esclerosis múltiple;5602;0180;5612;5614;5620;5616;5618;7320;5430;7400;;;;;;;;;;;;;;;;;;;;;;;;;;;;;;;;;;;;;;;;;;;;;;;;;;;;;;;;;;;;;;;;;;;;;;;;;
Conocimiento: manejo de la insuficiencia cardíaca;4066;5602;4170;4062;5612;5614;5616;5618;5430;7400;0180;2380;4120;1260;4130;3350;;;;;;;;;;;;;;;;;;;;;;;;;;;;;;;;;;;;;;;;;;;;;;;;;;;;;;;;;;;;;;;;;;;
Conocimiento: manejo de la neumonía;;;;;;;;;;;;;;;;;;;;;;;;;;;;;;;;;;;;;;;;;;;;;;;;;;;;;;;;;;;;;;;;;;;;;;;;;;;;;;;;;;;
Conocimiento: manejo de la osteoporosis;;;;;;;;;;;;;;;;;;;;;;;;;;;;;;;;;;;;;;;;;;;;;;;;;;;;;;;;;;;;;;;;;;;;;;;;;;;;;;;;;;;
Conocimiento: manejo del asma;5616;5602;3210;2311;5612;5606;5618;5430;5210;7400;6610;6486;0180;6530;;;;;;;;;;;;;;;;;;;;;;;;;;;;;;;;;;;;;;;;;;;;;;;;;;;;;;;;;;;;;;;;;;;;;
Conocimiento: manejo del cáncer;5618;5602;7380;5230;5606;5430;5210;7400;6610;0180;2380;2240;6600;1450;1410;1415;1570;;;;;;;;;;;;;;;;;;;;;;;;;;;;;;;;;;;;;;;;;;;;;;;;;;;;;;;;;;;;;;;;;;
Conocimiento: manejo del dolor;5616;1410;1415;2210;1380;1330;2400;2395;5612;1540;5922;5430;7400;1460;6040;;;;;;;;;;;;;;;;;;;;;;;;;;;;;;;;;;;;;;;;;;;;;;;;;;;;;;;;;;;;;;;;;;;;
Conocimiento: manejo del estrés;;;;;;;;;;;;;;;;;;;;;;;;;;;;;;;;;;;;;;;;;;;;;;;;;;;;;;;;;;;;;;;;;;;;;;;;;;;;;;;;;;;
Conocimiento: manejo del linfedema ;;;;;;;;;;;;;;;;;;;;;;;;;;;;;;;;;;;;;;;;;;;;;;;;;;;;;;;;;;;;;;;;;;;;;;;;;;;;;;;;;;;
Conocimiento: manejo del peso;5246;1260;1280;1240;5604;0200;7400;2380;1030;4360;;;;;;;;;;;;;;;;;;;;;;;;;;;;;;;;;;;;;;;;;;;;;;;;;;;;;;;;;;;;;;;;;;;;;;;;;
Conocimiento: manejo del trastorno de la alimentación;;;;;;;;;;;;;;;;;;;;;;;;;;;;;;;;;;;;;;;;;;;;;;;;;;;;;;;;;;;;;;;;;;;;;;;;;;;;;;;;;;;
Conocimiento: manejo del trastorno del espectro autista ;;;;;;;;;;;;;;;;;;;;;;;;;;;;;;;;;;;;;;;;;;;;;;;;;;;;;;;;;;;;;;;;;;;;;;;;;;;;;;;;;;;
Conocimiento: manejo del trastorno lipídico;;;;;;;;;;;;;;;;;;;;;;;;;;;;;;;;;;;;;;;;;;;;;;;;;;;;;;;;;;;;;;;;;;;;;;;;;;;;;;;;;;;
Conocimiento: manejo del tratamiento anticoagulante;;;;;;;;;;;;;;;;;;;;;;;;;;;;;;;;;;;;;;;;;;;;;;;;;;;;;;;;;;;;;;;;;;;;;;;;;;;;;;;;;;;
Conocimiento: manejo del virus de la inmunodeficiencia humana ;;;;;;;;;;;;;;;;;;;;;;;;;;;;;;;;;;;;;;;;;;;;;;;;;;;;;;;;;;;;;;;;;;;;;;;;;;;;;;;;;;;
Conocimiento: mecanismos corporales;0140;5510;5612;5606;5520;0202;0201;6610;5540;0221;0226;0222;0224;;;;;;;;;;;;;;;;;;;;;;;;;;;;;;;;;;;;;;;;;;;;;;;;;;;;;;;;;;;;;;;;;;;;;;
Conocimiento: medicación;5616;2210;2400;5606;5602;5520;6410;2120;2130;6530;2380;2240;3210;;;;;;;;;;;;;;;;;;;;;;;;;;;;;;;;;;;;;;;;;;;;;;;;;;;;;;;;;;;;;;;;;;;;;;
Conocimiento: parto y alumbramiento;6760;6960;5604;5606;5520;5210;5540;6860;;;;;;;;;;;;;;;;;;;;;;;;;;;;;;;;;;;;;;;;;;;;;;;;;;;;;;;;;;;;;;;;;;;;;;;;;;;
Conocimiento: prevención de caídas;6486;6490;5568;5612;5606;5616;5665;5666;5667;5520;0202;0201;5540;0221;0222;;;;;;;;;;;;;;;;;;;;;;;;;;;;;;;;;;;;;;;;;;;;;;;;;;;;;;;;;;;;;;;;;;;;
Conocimiento: prevención del embarazo;6784;5562;5510;5606;5622;5520;4480;8300;5540;;;;;;;;;;;;;;;;;;;;;;;;;;;;;;;;;;;;;;;;;;;;;;;;;;;;;;;;;;;;;;;;;;;;;;;;;;
Conocimiento: procedimiento terapéutico;5620;5618;5250;5606;5602;5520;5210;5580;7330;3210;5540;7460;;;;;;;;;;;;;;;;;;;;;;;;;;;;;;;;;;;;;;;;;;;;;;;;;;;;;;;;;;;;;;;;;;;;;;;
Conocimiento: procedimientos diagnósticos y terapéuticos ;;;;;;;;;;;;;;;;;;;;;;;;;;;;;;;;;;;;;;;;;;;;;;;;;;;;;;;;;;;;;;;;;;;;;;;;;;;;;;;;;;;
Conocimiento: proceso de la enfermedad;5604;5606;5618;5520;7400;6610;6410;2240;3210;7370;5540;;;;;;;;;;;;;;;;;;;;;;;;;;;;;;;;;;;;;;;;;;;;;;;;;;;;;;;;;;;;;;;;;;;;;;;;
Conocimiento: recursos sanitarios;5510;5210;7400;5515;5540;5250;7380;5230;5440;8180;5604;5606;5520;7320;7330;7370;6240;7460;;;;;;;;;;;;;;;;;;;;;;;;;;;;;;;;;;;;;;;;;;;;;;;;;;;;;;;;;;;;;;;;;
Conocimiento: reducción de la amenaza de accidente cerebrovascular;;;;;;;;;;;;;;;;;;;;;;;;;;;;;;;;;;;;;;;;;;;;;;;;;;;;;;;;;;;;;;;;;;;;;;;;;;;;;;;;;;;
Conocimiento: reducción de la amenaza del cáncer;6520;6610;5242;5246;4490;5602;5622;6522;1710;3590;;;;;;;;;;;;;;;;;;;;;;;;;;;;;;;;;;;;;;;;;;;;;;;;;;;;;;;;;;;;;;;;;;;;;;;;;
Conocimiento: reducción de la amenaza de trombo;;;;;;;;;;;;;;;;;;;;;;;;;;;;;;;;;;;;;;;;;;;;;;;;;;;;;;;;;;;;;;;;;;;;;;;;;;;;;;;;;;;
Conocimiento: régimen terapéutico;5606;5610;5618;5602;5246;5612;5603;5614;5604;5620;5616;4920;5520;5210;7400;6410;2380;1100;2240;6600;3210;5540;2930;;;;;;;;;;;;;;;;;;;;;;;;;;;;;;;;;;;;;;;;;;;;;;;;;;;;;;;;;;;;
Conocimiento: rehabilitación cardiaca ;;;;;;;;;;;;;;;;;;;;;;;;;;;;;;;;;;;;;;;;;;;;;;;;;;;;;;;;;;;;;;;;;;;;;;;;;;;;;;;;;;;
Conocimiento: rehabilitación musculoesquelética ;;;;;;;;;;;;;;;;;;;;;;;;;;;;;;;;;;;;;;;;;;;;;;;;;;;;;;;;;;;;;;;;;;;;;;;;;;;;;;;;;;;
Conocimiento: salud materna en el puerperio;5244;6930;5246;1280;5330;5510;5612;5606;5520;0140;0200;5210;7400;0180;4120;6784;5540;;;;;;;;;;;;;;;;;;;;;;;;;;;;;;;;;;;;;;;;;;;;;;;;;;;;;;;;;;;;;;;;;;
Conocimiento: salud materna en la preconcepción;5247;5510;5240;5242;5246;5606;5520;9050;6610;6486;0180;6786;5540;7160;4500;;;;;;;;;;;;;;;;;;;;;;;;;;;;;;;;;;;;;;;;;;;;;;;;;;;;;;;;;;;;;;;;;;;;
Conocimiento: seguridad física infantil;5665;5666;5667;6402;5562;5566;5568;5510;5604;5520;8274;9050;6610;6612;6486;5540;6648;4500;;;;;;;;;;;;;;;;;;;;;;;;;;;;;;;;;;;;;;;;;;;;;;;;;;;;;;;;;;;;;;;;;
Conocimiento: seguridad personal;5510;6610;6486;5240;5606;5645;5648;5646;5647;5665;5666;5667;5520;9050;6484;6489;5540;6490;4500;7460;;;;;;;;;;;;;;;;;;;;;;;;;;;;;;;;;;;;;;;;;;;;;;;;;;;;;;;;;;;;;;;
Consecuencias de la adicción a sustancias psicoactivas;4510;4420;7140;5270;5250;5420;5240;5230;5440;4470;5820;5602;4370;4380;4410;4480;7110;0200;5430;6160;4350;4354;0180;4360;4362;7120;5400;5390;5100;5370;4500;6550;5000;5450;7150;;;;;;;;;;;;;;;;;;;;;;;;;;;;;;;;;;;;;;;;;;;;;;;;
Consecuencias de la inmovilidad: fisiológicas;0740;0180;3500;2300;0840;4066;0620;0940;4104;0470;5612;0202;0200;0201;7320;0590;2380;4120;0450;0430;1480;3250;3480;4130;4070;4110;3540;6550;0226;0224;3590;;;;;;;;;;;;;;;;;;;;;;;;;;;;;;;;;;;;;;;;;;;;;;;;;;;;
Consecuencias de la inmovilidad: psicocognitivas;4720;6480;2300;5270;5230;2380;1850;5340;6040;;;;;;;;;;;;;;;;;;;;;;;;;;;;;;;;;;;;;;;;;;;;;;;;;;;;;;;;;;;;;;;;;;;;;;;;;;
Conservación de la energía;6480;0180;1805;4470;5612;0140;0200;6482;1100;1410;1415;1260;1850;1160;4310;0221;0226;0222;0224;;;;;;;;;;;;;;;;;;;;;;;;;;;;;;;;;;;;;;;;;;;;;;;;;;;;;;;;;;;;;;;;
Continencia intestinal;0460;0430;1804;0410;0412;1750;5820;0470;5614;0440;1020;2380;1100;4120;0450;0490;2390;0221;3590;;;;;;;;;;;;;;;;;;;;;;;;;;;;;;;;;;;;;;;;;;;;;;;;;;;;;;;;;;;;;;;;
Continencia urinaria;0560;0570;0640;0582;2300;1804;5860;0610;0612;0620;1876;1750;6930;5606;5616;5618;0600;0550;6480;6486;0590;2380;4120;0630;1260;4130;2390;0580;;;;;;;;;;;;;;;;;;;;;;;;;;;;;;;;;;;;;;;;;;;;;;;;;;;;;;;
Control de náuseas y vómitos;2380;1450;2300;5860;5900;1020;5922;1720;6000;1410;1415;1570;1710;3200;6040;;;;;;;;;;;;;;;;;;;;;;;;;;;;;;;;;;;;;;;;;;;;;;;;;;;;;;;;;;;;;;;;;;;;
Control de síntomas;4470;5465;4480;0180;0450;5395;6550;4420;1320;6520;5270;1330;5240;5246;7380;5230;3390;6540;3660;3520;5820;4020;5510;5612;5614;5606;5616;5618;5602;4920;4410;1020;5520;7110;0200;0201;5210;7400;6160;6482;2380;1100;2660;4120;0490;3550;0430;1480;4360;1160;3350;4820;5390;5540;4010;3540;3900;0221;3740;6650;;;;;;;;;;;;;;;;;;;;;;;
Control del dolor;2300;2400;2380;1410;1415;4420;1320;2210;2319;2313;2314;2304;6520;1380;5440;4470;5860;0840;8180;5465;5900;7920;5606;5616;5618;5602;4410;1340;1540;5520;5922;4480;7110;5430;6000;5580;0910;6482;1480;1850;4360;4400;5540;2390;1460;6040;6650;;;;;;;;;;;;;;;;;;;;;;;;;;;;;;;;;;;;
Control del riesgo;4470;5510;6610;4420;6520;5440;6540;5606;5602;4410;6522;5520;4480;7400;6480;6486;6489;6530;5395;4360;7120;5540;6650;6656;6658;;;;;;;;;;;;;;;;;;;;;;;;;;;;;;;;;;;;;;;;;;;;;;;;;;;;;;;;;;
Control del riesgo: accidente cerebrovascular;;;;;;;;;;;;;;;;;;;;;;;;;;;;;;;;;;;;;;;;;;;;;;;;;;;;;;;;;;;;;;;;;;;;;;;;;;;;;;;;;;;
Control del riesgo: acoso infantil ;;;;;;;;;;;;;;;;;;;;;;;;;;;;;;;;;;;;;;;;;;;;;;;;;;;;;;;;;;;;;;;;;;;;;;;;;;;;;;;;;;;
Control del riesgo: alergias infantiles ;;;;;;;;;;;;;;;;;;;;;;;;;;;;;;;;;;;;;;;;;;;;;;;;;;;;;;;;;;;;;;;;;;;;;;;;;;;;;;;;;;;
Control del riesgo: aspiración ;3160;0840;1570;3200;6700;3390;6200;2870;5606;3230;6610;6486;2260;3140;3180;3250;3350;6974;1080;1860;6650;;;;;;;;;;;;;;;;;;;;;;;;;;;;;;;;;;;;;;;;;;;;;;;;;;;;;;;;;;;;;;
Control del riesgo: caídas ;;;;;;;;;;;;;;;;;;;;;;;;;;;;;;;;;;;;;;;;;;;;;;;;;;;;;;;;;;;;;;;;;;;;;;;;;;;;;;;;;;;
Control del riesgo: cáncer;6520;5510;4470;4490;6610;6614;4500;;;;;;;;;;;;;;;;;;;;;;;;;;;;;;;;;;;;;;;;;;;;;;;;;;;;;;;;;;;;;;;;;;;;;;;;;;;;
Control del riesgo: consumo de alcohol;5230;5510;4500;6520;5250;5420;5240;5440;4470;5820;4370;4480;5430;7400;6610;6160;4354;4360;5400;5390;4510;;;;;;;;;;;;;;;;;;;;;;;;;;;;;;;;;;;;;;;;;;;;;;;;;;;;;;;;;;;;;;
Control del riesgo: consumo de drogas;5230;5510;4500;6520;5250;5420;5240;5440;4470;5820;4370;4480;5430;7400;6610;6160;4354;4360;5400;5390;4510;;;;;;;;;;;;;;;;;;;;;;;;;;;;;;;;;;;;;;;;;;;;;;;;;;;;;;;;;;;;;;
Control del riesgo: consumo de tabaco;4490;8880;4470;5510;2390;;;;;;;;;;;;;;;;;;;;;;;;;;;;;;;;;;;;;;;;;;;;;;;;;;;;;;;;;;;;;;;;;;;;;;;;;;;;;;
Control del riesgo: deshidratación ;;;;;;;;;;;;;;;;;;;;;;;;;;;;;;;;;;;;;;;;;;;;;;;;;;;;;;;;;;;;;;;;;;;;;;;;;;;;;;;;;;;
Control del riesgo: deterioro auditivo;6610;8880;2308;6520;6489;2390;3740;;;;;;;;;;;;;;;;;;;;;;;;;;;;;;;;;;;;;;;;;;;;;;;;;;;;;;;;;;;;;;;;;;;;;;;;;;;;
Control del riesgo: deterioro visual;6610;8880;2310;6520;1620;5510;5602;2390;;;;;;;;;;;;;;;;;;;;;;;;;;;;;;;;;;;;;;;;;;;;;;;;;;;;;;;;;;;;;;;;;;;;;;;;;;;
Control del riesgo: embarazo no deseado;4480;6784;5248;4470;5480;5622;5624;7400;6610;5400;;;;;;;;;;;;;;;;;;;;;;;;;;;;;;;;;;;;;;;;;;;;;;;;;;;;;;;;;;;;;;;;;;;;;;;;;
Control del riesgo: enfermedad cardiovascular;6520;5510;4050;4470;4490;1280;5614;5616;4410;0200;6610;2380;;;;;;;;;;;;;;;;;;;;;;;;;;;;;;;;;;;;;;;;;;;;;;;;;;;;;;;;;;;;;;;;;;;;;;;
Control del riesgo: enfermedades de transmisión sexual (ETS);6540;5622;5624;6550;4420;6520;5248;4470;5480;5510;4370;4920;4480;5210;7400;6610;6484;4356;5390;;;;;;;;;;;;;;;;;;;;;;;;;;;;;;;;;;;;;;;;;;;;;;;;;;;;;;;;;;;;;;;;
Control del riesgo: exposición al sol;0 intervenciones para este resultado;;;;;;;;;;;;;;;;;;;;;;;;;;;;;;;;;;;;;;;;;;;;;;;;;;;;;;;;;;;;;;;;;;;;;;;;;;;;;;;;;;
Control del riesgo: herida por presión (úlcera por presión) ;;;;;;;;;;;;;;;;;;;;;;;;;;;;;;;;;;;;;;;;;;;;;;;;;;;;;;;;;;;;;;;;;;;;;;;;;;;;;;;;;;;
Control del riesgo: hipertensión;;;;;;;;;;;;;;;;;;;;;;;;;;;;;;;;;;;;;;;;;;;;;;;;;;;;;;;;;;;;;;;;;;;;;;;;;;;;;;;;;;;
Control del riesgo: hipertermia;0 intervenciones para este resultado;;;;;;;;;;;;;;;;;;;;;;;;;;;;;;;;;;;;;;;;;;;;;;;;;;;;;;;;;;;;;;;;;;;;;;;;;;;;;;;;;;
Control del riesgo: hipotensión;;;;;;;;;;;;;;;;;;;;;;;;;;;;;;;;;;;;;;;;;;;;;;;;;;;;;;;;;;;;;;;;;;;;;;;;;;;;;;;;;;;
Control del riesgo: hipotermia;0 intervenciones para este resultado;;;;;;;;;;;;;;;;;;;;;;;;;;;;;;;;;;;;;;;;;;;;;;;;;;;;;;;;;;;;;;;;;;;;;;;;;;;;;;;;;;
Control del riesgo: obesidad ;;;;;;;;;;;;;;;;;;;;;;;;;;;;;;;;;;;;;;;;;;;;;;;;;;;;;;;;;;;;;;;;;;;;;;;;;;;;;;;;;;;
Control del riesgo: ojo seco;;;;;;;;;;;;;;;;;;;;;;;;;;;;;;;;;;;;;;;;;;;;;;;;;;;;;;;;;;;;;;;;;;;;;;;;;;;;;;;;;;;
Control del riesgo: osteoporosis;;;;;;;;;;;;;;;;;;;;;;;;;;;;;;;;;;;;;;;;;;;;;;;;;;;;;;;;;;;;;;;;;;;;;;;;;;;;;;;;;;;
Control del riesgo: peligros medioambientales ;;;;;;;;;;;;;;;;;;;;;;;;;;;;;;;;;;;;;;;;;;;;;;;;;;;;;;;;;;;;;;;;;;;;;;;;;;;;;;;;;;;
Control del riesgo: proceso infeccioso;0 intervenciones para este resultado;;;;;;;;;;;;;;;;;;;;;;;;;;;;;;;;;;;;;;;;;;;;;;;;;;;;;;;;;;;;;;;;;;;;;;;;;;;;;;;;;;
Control del riesgo: trastorno lipídico;;;;;;;;;;;;;;;;;;;;;;;;;;;;;;;;;;;;;;;;;;;;;;;;;;;;;;;;;;;;;;;;;;;;;;;;;;;;;;;;;;;
Control del riesgo: trombos;;;;;;;;;;;;;;;;;;;;;;;;;;;;;;;;;;;;;;;;;;;;;;;;;;;;;;;;;;;;;;;;;;;;;;;;;;;;;;;;;;;
Control del riesgo familiar: acoso ;;;;;;;;;;;;;;;;;;;;;;;;;;;;;;;;;;;;;;;;;;;;;;;;;;;;;;;;;;;;;;;;;;;;;;;;;;;;;;;;;;;
Control del riesgo familiar: obesidad;;;;;;;;;;;;;;;;;;;;;;;;;;;;;;;;;;;;;;;;;;;;;;;;;;;;;;;;;;;;;;;;;;;;;;;;;;;;;;;;;;;
Control del riesgo social: acoso infantil ;;;;;;;;;;;;;;;;;;;;;;;;;;;;;;;;;;;;;;;;;;;;;;;;;;;;;;;;;;;;;;;;;;;;;;;;;;;;;;;;;;;
Control del riesgo social: enfermedad crónica;8700;5510;7320;6520;7920;8500;6610;6484;8880;7970;6652;;;;;;;;;;;;;;;;;;;;;;;;;;;;;;;;;;;;;;;;;;;;;;;;;;;;;;;;;;;;;;;;;;;;;;;;
Control del riesgo social: enfermedad transmisible;8820;8700;6520;6540;7920;5510;6610;6530;8810;6550;8880;7970;6652;;;;;;;;;;;;;;;;;;;;;;;;;;;;;;;;;;;;;;;;;;;;;;;;;;;;;;;;;;;;;;;;;;;;;;
Control del riesgo social: exposición al plomo;6484;8880;6520;8100;8700;7920;5510;8500;7320;6610;6489;7970;6652;;;;;;;;;;;;;;;;;;;;;;;;;;;;;;;;;;;;;;;;;;;;;;;;;;;;;;;;;;;;;;;;;;;;;;
Control del riesgo social: obesidad;;;;;;;;;;;;;;;;;;;;;;;;;;;;;;;;;;;;;;;;;;;;;;;;;;;;;;;;;;;;;;;;;;;;;;;;;;;;;;;;;;;
Control del riesgo social: peligros medioambientales ;;;;;;;;;;;;;;;;;;;;;;;;;;;;;;;;;;;;;;;;;;;;;;;;;;;;;;;;;;;;;;;;;;;;;;;;;;;;;;;;;;;
Control del riesgo social: suicidio ;;;;;;;;;;;;;;;;;;;;;;;;;;;;;;;;;;;;;;;;;;;;;;;;;;;;;;;;;;;;;;;;;;;;;;;;;;;;;;;;;;;
Control del riesgo social: tradiciones culturales no saludables;;;;;;;;;;;;;;;;;;;;;;;;;;;;;;;;;;;;;;;;;;;;;;;;;;;;;;;;;;;;;;;;;;;;;;;;;;;;;;;;;;;
Control del riesgo social: violencia;6484;6487;6400;8700;9050;6610;6486;6652;;;;;;;;;;;;;;;;;;;;;;;;;;;;;;;;;;;;;;;;;;;;;;;;;;;;;;;;;;;;;;;;;;;;;;;;;;;
Crecimiento;6520;1100;1052;7500;5240;5244;5246;1280;1240;6960;5510;5614;5640;5643;5641;5642;5660;5661;5662;5645;5648;5646;5647;8274;5210;0180;1030;1260;1160;1120;;;;;;;;;;;;;;;;;;;;;;;;;;;;;;;;;;;;;;;;;;;;;;;;;;;;;
Creencias sobre la salud;5250;5480;5510;4920;5390;5240;4470;5310;5606;5520;4480;5430;6610;7330;5395;5515;4360;5400;5540;4700;;;;;;;;;;;;;;;;;;;;;;;;;;;;;;;;;;;;;;;;;;;;;;;;;;;;;;;;;;;;;;;
Creencias sobre la salud: capacidad percibida para actuar;4410;5395;4420;5250;5230;4470;5480;5310;5820;5510;5606;4340;5520;4480;5210;7400;6610;7330;5515;5400;5390;5540;4700;;;;;;;;;;;;;;;;;;;;;;;;;;;;;;;;;;;;;;;;;;;;;;;;;;;;;;;;;;;;
Creencias sobre la salud: percepción de amenaza;5230;5510;5395;5270;5240;4470;5480;5470;5820;5606;5602;4920;4480;5390;;;;;;;;;;;;;;;;;;;;;;;;;;;;;;;;;;;;;;;;;;;;;;;;;;;;;;;;;;;;;;;;;;;;;
Creencias sobre la salud: percepción de control;5250;5395;5390;5270;5240;5230;5440;4470;5480;5606;4340;4410;5520;4480;7400;7330;4740;4360;5400;7460;4700;5000;;;;;;;;;;;;;;;;;;;;;;;;;;;;;;;;;;;;;;;;;;;;;;;;;;;;;;;;;;;;;
Creencias sobre la salud: percepción de recursos;7380;5440;7140;7500;7410;1800;1805;8100;7110;7400;7960;7330;6485;0180;5395;7120;7460;;;;;;;;;;;;;;;;;;;;;;;;;;;;;;;;;;;;;;;;;;;;;;;;;;;;;;;;;;;;;;;;;;
Curación de la herida: por primera intención;3660;3440;2300;2316;1610;6540;6545;3584;3583;3582;6750;3662;3420;1750;4028;5616;5618;0910;3680;2120;1100;4120;2080;3480;4070;6550;3900;3902;3620;1120;3740;3590;;;;;;;;;;;;;;;;;;;;;;;;;;;;;;;;;;;;;;;;;;;;;;;;;;;
Curación de la herida: por segunda intención;3660;3520;2300;2304;2316;1200;6540;4062;4066;3584;3582;3662;5616;5618;5602;1540;0910;3680;2380;1100;4120;2080;4070;6550;1120;3590;;;;;;;;;;;;;;;;;;;;;;;;;;;;;;;;;;;;;;;;;;;;;;;;;;;;;;;;;
Curación de las quemaduras;3661;2210;2300;2316;3584;3583;3582;1410;1415;4070;6550;0224;3590;;;;;;;;;;;;;;;;;;;;;;;;;;;;;;;;;;;;;;;;;;;;;;;;;;;;;;;;;;;;;;;;;;;;;;
Curación ósea;0 intervenciones para este resultado;;;;;;;;;;;;;;;;;;;;;;;;;;;;;;;;;;;;;;;;;;;;;;;;;;;;;;;;;;;;;;;;;;;;;;;;;;;;;;;;;;
Deambulación segura;6460;6470;5820;5900;6486;4820;6490;6420;5880;;;;;;;;;;;;;;;;;;;;;;;;;;;;;;;;;;;;;;;;;;;;;;;;;;;;;;;;;;;;;;;;;;;;;;;;;;
Desarrollo: adulto de mediana edad;8340;5370;7140;5250;5240;5248;5230;4470;4640;5480;5330;5310;5470;5622;4370;7100;5520;5290;5280;5320;5020;5395;5390;5540;5100;4500;;;;;;;;;;;;;;;;;;;;;;;;;;;;;;;;;;;;;;;;;;;;;;;;;;;;;;;;;
Desarrollo: adulto joven;4480;8340;7140;5250;5240;5230;4470;4640;5480;5330;5470;5566;5622;5624;4370;7100;7104;5520;5280;5300;5020;5400;5390;5540;5100;5370;4500;;;;;;;;;;;;;;;;;;;;;;;;;;;;;;;;;;;;;;;;;;;;;;;;;;;;;;;;
Desarrollo: adulto mayor;5230;8340;5210;1120;7140;5270;5250;5240;5248;7180;1800;4470;4640;5480;5330;5310;5470;5820;5622;4760;4920;7100;1020;5520;5426;5290;5424;5320;4350;6460;0180;7130;5020;4974;5540;5100;5370;4500;4320;4310;5360;4860;;;;;;;;;;;;;;;;;;;;;;;;;;;;;;;;;;;;;;;;;
Desarrollo infantil: 1 mes;5568;6710;6610;2620;1052;7140;6402;5244;5242;7180;5460;6840;3000;6820;5655;5640;5645;7104;7110;8300;5210;6480;6482;6486;7130;1850;1160;6680;3350;5340;6900;5880;6650;6824;;;;;;;;;;;;;;;;;;;;;;;;;;;;;;;;;;;;;;;;;;;;;;;;;
Desarrollo infantil: 2 meses;5568;6710;8274;6610;2620;1052;7140;6402;5244;7180;5460;6840;3000;6820;5655;5640;5645;7104;7110;8300;5210;6480;6482;6530;7130;1850;1160;6680;3350;7120;5370;6900;5880;6650;6824;;;;;;;;;;;;;;;;;;;;;;;;;;;;;;;;;;;;;;;;;;;;;;;;
Desarrollo infantil: 4 meses;5568;7104;8274;8300;6610;1052;6520;7140;7280;6402;7500;5244;5460;6820;5566;5655;5656;5641;5646;7110;5210;7400;6480;6486;7130;1850;5370;6900;6650;;;;;;;;;;;;;;;;;;;;;;;;;;;;;;;;;;;;;;;;;;;;;;;;;;;;;;
Desarrollo infantil: 6 meses;5568;7104;8274;8300;1052;6520;7140;7280;6402;7500;5244;5246;5460;6840;6820;5655;5656;5641;5646;6710;7110;5210;7400;6610;6480;6486;1100;7130;1850;5370;6900;6650;;;;;;;;;;;;;;;;;;;;;;;;;;;;;;;;;;;;;;;;;;;;;;;;;;;
Desarrollo infantil: 12 meses;6820;5568;5657;7104;8300;1052;6520;7140;7280;6402;7500;5244;5246;5566;5634;5643;5660;5648;5665;8274;7110;5210;6610;6480;6486;6530;1100;7130;1850;1160;5100;5370;4430;6650;;;;;;;;;;;;;;;;;;;;;;;;;;;;;;;;;;;;;;;;;;;;;;;;;
Desarrollo infantil: 2 años;6520;8274;8300;6610;7140;7040;7280;6402;7500;5246;5566;5634;5661;5662;5666;5667;0600;0440;7100;7104;7110;5210;6486;1100;7130;1850;1160;5100;5370;4430;7150;6650;;;;;;;;;;;;;;;;;;;;;;;;;;;;;;;;;;;;;;;;;;;;;;;;;;;
Desarrollo infantil: 3 años;6520;8274;8300;6486;1160;7140;7280;6402;7500;5246;5440;0612;0412;5566;5634;5662;5667;0600;0440;7100;7110;5210;6610;4350;4352;1100;0430;7130;5100;5370;4430;7150;6650;;;;;;;;;;;;;;;;;;;;;;;;;;;;;;;;;;;;;;;;;;;;;;;;;;
Desarrollo infantil: 4 años;6520;8274;8300;1160;7280;6402;7500;5246;5440;1800;0612;0412;5566;5620;0600;7100;5520;7110;5210;6610;6486;4350;4352;1100;1260;7130;4360;5100;4430;4310;7150;1120;;;;;;;;;;;;;;;;;;;;;;;;;;;;;;;;;;;;;;;;;;;;;;;;;;;
Desarrollo infantil: 5 años;6520;5566;8274;8300;1160;7280;6402;7500;5246;5440;1800;0612;0412;5620;7100;5520;7110;5210;6610;6486;4350;4352;1100;1260;5220;5100;4430;4310;7150;1120;;;;;;;;;;;;;;;;;;;;;;;;;;;;;;;;;;;;;;;;;;;;;;;;;;;;;
Desarrollo infantil: segunda infancia;6520;5566;8274;8300;6610;1160;4420;7140;7280;6402;5420;7500;5240;5246;4470;5480;0612;5614;5606;5622;5624;4370;4410;7100;5520;4480;7110;0200;5210;4350;4352;4356;1100;1030;1260;4360;4362;5400;5390;5220;5100;6648;4500;4430;7150;1120;;;;;;;;;;;;;;;;;;;;;;;;;;;;;;;;;;;;;
Desarrollo infantil: adolescencia;6520;5562;8272;8300;6610;5220;5100;4420;7140;6400;5420;5240;5246;5230;5440;4470;4640;5480;5614;5606;5622;5624;4370;4410;7100;4480;7110;0200;5210;7400;6480;4350;4356;1100;1030;1260;7130;1850;4360;4362;1160;5400;5390;5540;5370;6648;4500;4430;5360;7150;1120;;;;;;;;;;;;;;;;;;;;;;;;;;;;;;;;
Descanso;0180;1330;5860;7260;5840;5960;0200;6000;6482;1410;1415;1480;1850;6040;;;;;;;;;;;;;;;;;;;;;;;;;;;;;;;;;;;;;;;;;;;;;;;;;;;;;;;;;;;;;;;;;;;;;
Desempeño del rol;5562;5566;5568;5622;5290;5370;7140;7040;7280;5270;6400;6404;6403;6402;5250;5240;5248;5230;5440;4470;4640;5480;5330;7260;5820;5510;5606;5602;5624;4920;7100;4480;6710;7110;8300;8340;5430;5210;5020;4360;6784;5400;5390;6760;4500;4700;5000;7150;4510;;;;;;;;;;;;;;;;;;;;;;;;;;;;;;;;;;
Desempeño del rol de padres;6710;8300;5370;4510;7140;7040;7280;5270;6403;6402;5250;5240;5244;7180;5230;5440;5480;6840;0612;6820;0412;6960;5820;5562;5566;5568;5634;5655;5656;5657;5640;5643;5641;5642;5660;5661;5662;5645;5648;5646;5647;5665;5666;5667;7100;7104;4480;5300;8272;8274;7110;7200;8340;5430;5210;7400;6610;6160;6480;6486;4352;7130;7120;6784;5400;5390;5100;6760;7150;6650;;;;;;;;;;;;;
Desempeño del rol de padres: adolescente;;;;;;;;;;;;;;;;;;;;;;;;;;;;;;;;;;;;;;;;;;;;;;;;;;;;;;;;;;;;;;;;;;;;;;;;;;;;;;;;;;;
Desempeño del rol de padres: lactante;;;;;;;;;;;;;;;;;;;;;;;;;;;;;;;;;;;;;;;;;;;;;;;;;;;;;;;;;;;;;;;;;;;;;;;;;;;;;;;;;;;
Desempeño del rol de padres: niño pequeño;;;;;;;;;;;;;;;;;;;;;;;;;;;;;;;;;;;;;;;;;;;;;;;;;;;;;;;;;;;;;;;;;;;;;;;;;;;;;;;;;;;
Desempeño del rol de padres: preescolar;;;;;;;;;;;;;;;;;;;;;;;;;;;;;;;;;;;;;;;;;;;;;;;;;;;;;;;;;;;;;;;;;;;;;;;;;;;;;;;;;;;
Desempeño del rol de padres: segunda infancia;;;;;;;;;;;;;;;;;;;;;;;;;;;;;;;;;;;;;;;;;;;;;;;;;;;;;;;;;;;;;;;;;;;;;;;;;;;;;;;;;;;
Desempeño del rol de padres: seguridad física del adolescente;5562;8300;6402;6408;9050;6486;6648;3540;6340;;;;;;;;;;;;;;;;;;;;;;;;;;;;;;;;;;;;;;;;;;;;;;;;;;;;;;;;;;;;;;;;;;;;;;;;;;
Desempeño del rol de padres: seguridad física del lactante y del niño pequeño;5568;8300;7140;6402;6820;5645;5648;5646;5647;5665;5666;7110;9050;5210;6486;6760;6974;6824;;;;;;;;;;;;;;;;;;;;;;;;;;;;;;;;;;;;;;;;;;;;;;;;;;;;;;;;;;;;;;;;;
Desempeño del rol de padres: seguridad física en la primera y segunda infancia;5566;8300;6402;6610;6486;6648;4500;;;;;;;;;;;;;;;;;;;;;;;;;;;;;;;;;;;;;;;;;;;;;;;;;;;;;;;;;;;;;;;;;;;;;;;;;;;;
Desempeño del rol de padres: seguridad psicosocial;6402;8300;6612;6520;5240;4470;5562;5566;5568;7100;7104;4480;8272;8274;7110;5430;5210;6610;6486;5100;5370;4500;5410;7150;;;;;;;;;;;;;;;;;;;;;;;;;;;;;;;;;;;;;;;;;;;;;;;;;;;;;;;;;;;
Deseo de vivir;5420;5230;5310;7040;5270;5240;5440;4470;4680;5480;5330;5350;4920;5290;5424;5430;4740;7120;5400;5390;5100;6340;7460;4700;4320;;;;;;;;;;;;;;;;;;;;;;;;;;;;;;;;;;;;;;;;;;;;;;;;;;;;;;;;;;
Detección del riesgo;6520;6610;6612;6400;6404;6403;6402;4490;5480;5604;5606;5602;6522;5520;4480;7400;6487;6486;6530;4500;;;;;;;;;;;;;;;;;;;;;;;;;;;;;;;;;;;;;;;;;;;;;;;;;;;;;;;;;;;;;;;
Dolor: efectos nocivos;5230;1806;1410;1415;2210;2300;5270;5250;5246;1800;0846;7910;5330;5310;5820;5612;0140;0202;0200;0201;6482;0180;2380;1100;0430;7130;1480;1850;4360;1160;5100;5370;2390;1460;4310;0221;0226;0222;0224;6040;;;;;;;;;;;;;;;;;;;;;;;;;;;;;;;;;;;;;;;;;;;
Dolor: respuesta psicológica adversa;5330;1410;1415;4700;2210;2300;5270;5420;5230;5440;4640;5460;5310;5820;4920;1540;5430;5320;6000;4740;4350;2380;1850;4400;5400;5340;4500;6340;4320;4310;;;;;;;;;;;;;;;;;;;;;;;;;;;;;;;;;;;;;;;;;;;;;;;;;;;;;
Efectividad de la bomba cardíaca;4040;4044;4254;2300;4030;4046;6200;4020;4232;4238;4235;7690;2000;4090;0180;4180;2380;3140;4120;2080;6140;4091;4092;1910;2020;6680;4130;6771;6772;4210;1920;4050;4070;4190;4150;6320;6972;6974;4200;;;;;;;;;;;;;;;;;;;;;;;;;;;;;;;;;;;;;;;;;;;;
Efectividad de detección precoz sanitaria en la comunidad;;;;;;;;;;;;;;;;;;;;;;;;;;;;;;;;;;;;;;;;;;;;;;;;;;;;;;;;;;;;;;;;;;;;;;;;;;;;;;;;;;;
Efectividad del programa comunitario;;;;;;;;;;;;;;;;;;;;;;;;;;;;;;;;;;;;;;;;;;;;;;;;;;;;;;;;;;;;;;;;;;;;;;;;;;;;;;;;;;;
Elaboración de la información;5250;4760;4720;5240;5230;5480;5820;5510;5606;4920;5520;8272;7330;6480;6450;6460;0180;2380;2080;6440;1410;1415;5515;1850;4820;5540;4860;5880;;;;;;;;;;;;;;;;;;;;;;;;;;;;;;;;;;;;;;;;;;;;;;;;;;;;;;;
Eliminación intestinal;0410;0440;0450;0430;2300;2304;2315;5240;5246;1804;0412;1750;5820;0470;5606;5616;1020;0200;6460;0460;2380;1100;1450;4120;7820;1410;1415;0490;1570;4360;1160;4130;2390;0221;;;;;;;;;;;;;;;;;;;;;;;;;;;;;;;;;;;;;;;;;;;;;;;;;
Eliminación urinaria;0600;0590;2300;1804;0610;0612;0620;1876;0560;5606;5616;0570;0640;6480;2380;4120;7820;1410;1415;0630;1260;4130;2390;6550;0580;0582;;;;;;;;;;;;;;;;;;;;;;;;;;;;;;;;;;;;;;;;;;;;;;;;;;;;;;;;;
Energía psicomotora;5330;0180;5270;5250;5420;5240;5230;5310;5290;5280;5300;0200;5430;6160;2380;1850;1160;4400;5400;5390;5100;4700;4330;4320;4310;5360;5450;;;;;;;;;;;;;;;;;;;;;;;;;;;;;;;;;;;;;;;;;;;;;;;;;;;;;;;;
Entorno seguro de asistencia sanitaria;;;;;;;;;;;;;;;;;;;;;;;;;;;;;;;;;;;;;;;;;;;;;;;;;;;;;;;;;;;;;;;;;;;;;;;;;;;;;;;;;;;
Envejecimiento físico;6520;5248;7180;0140;0200;6610;6480;4420;5270;5230;4470;5860;4062;5820;5612;5614;5616;5624;4760;4720;1020;4480;7110;0202;0201;7320;5210;7690;0180;2380;1100;1260;1710;4974;4978;4360;1160;6680;7120;5400;5220;4050;4500;6550;0222;0224;2280;1120;;;;;;;;;;;;;;;;;;;;;;;;;;;;;;;;;;;
Equilibrio;0201;0221;0222;1804;1806;0840;0846;5612;0140;0200;6486;0180;1260;6490;4310;0226;0224;;;;;;;;;;;;;;;;;;;;;;;;;;;;;;;;;;;;;;;;;;;;;;;;;;;;;;;;;;;;;;;;;;
Equilibrio electrolítico;;;;;;;;;;;;;;;;;;;;;;;;;;;;;;;;;;;;;;;;;;;;;;;;;;;;;;;;;;;;;;;;;;;;;;;;;;;;;;;;;;;
Equilibrio electrolítico y ácido-base;2000;4120;2080;4220;6200;7690;0460;4090;4180;2380;1910;1911;1913;1912;1914;2020;6680;4130;4210;2620;3350;1920;4190;4150;2150;2100;2110;4200;6650;;;;;;;;;;;;;;;;;;;;;;;;;;;;;;;;;;;;;;;;;;;;;;;;;;;;;;
Equilibrio emocional;5330;5270;5420;5240;5230;5440;4640;5460;5310;5820;5616;5618;4370;4920;5290;5294;5300;5960;8340;6926;5430;5320;6160;6482;6450;0180;2380;1850;4400;5400;5100;5340;6340;4320;4430;5450;6040;;;;;;;;;;;;;;;;;;;;;;;;;;;;;;;;;;;;;;;;;;;;;;
Equilibrio en el estilo de vida;;;;;;;;;;;;;;;;;;;;;;;;;;;;;;;;;;;;;;;;;;;;;;;;;;;;;;;;;;;;;;;;;;;;;;;;;;;;;;;;;;;
Equilibrio hídrico;0460;4120;4130;2150;2100;2300;1200;1056;5246;4220;7690;2000;0590;4170;4180;2380;1100;2080;1260;4258;1160;2020;6680;2390;4260;4190;4140;2110;4200;6650;;;;;;;;;;;;;;;;;;;;;;;;;;;;;;;;;;;;;;;;;;;;;;;;;;;;;
Esperanza;5420;5310;5270;5250;5240;5230;5440;4680;5480;5460;5330;5260;5820;4920;4410;5426;5290;5294;5280;5300;5424;8340;5430;5320;0180;5395;1850;1160;5400;5390;5100;5340;5000;4860;;;;;;;;;;;;;;;;;;;;;;;;;;;;;;;;;;;;;;;;;;;;;;;;;
Establecimiento de la alimentación con biberón: lactante;;;;;;;;;;;;;;;;;;;;;;;;;;;;;;;;;;;;;;;;;;;;;;;;;;;;;;;;;;;;;;;;;;;;;;;;;;;;;;;;;;;
Establecimiento de la alimentación con taza: lactante;;;;;;;;;;;;;;;;;;;;;;;;;;;;;;;;;;;;;;;;;;;;;;;;;;;;;;;;;;;;;;;;;;;;;;;;;;;;;;;;;;;
Establecimiento de la lactancia materna: lactante;5244;1240;0840;6840;6820;5568;5645;6710;6482;1260;1160;5340;6900;5880;6650;6824;;;;;;;;;;;;;;;;;;;;;;;;;;;;;;;;;;;;;;;;;;;;;;;;;;;;;;;;;;;;;;;;;;;
Establecimiento de la lactancia materna: madre;5244;2210;7140;5270;5246;5230;0840;8180;3584;5820;5568;5614;5620;5606;4920;7110;5430;5210;1100;4120;1410;1415;4130;7370;6760;6550;6040;3590;;;;;;;;;;;;;;;;;;;;;;;;;;;;;;;;;;;;;;;;;;;;;;;;;;;;;;;
Estado cardiopulmonar;0 intervenciones para este resultado;;;;;;;;;;;;;;;;;;;;;;;;;;;;;;;;;;;;;;;;;;;;;;;;;;;;;;;;;;;;;;;;;;;;;;;;;;;;;;;;;;
Estado circulatorio;0840;4044;4064;4062;4066;2550;2300;4030;2860;4220;4104;4106;6200;4020;4022;4028;4232;7690;4170;4180;2380;2660;4270;3302;4120;2080;4250;4256;4258;1910;3480;6680;4130;4210;2620;1920;3320;4070;2865;4110;4010;4260;4190;4150;4140;6320;6974;4200;6650;;;;;;;;;;;;;;;;;;;;;;;;;;;;;;;;;;
Estado de comodidad;5420;5440;4470;0840;5820;5510;6486;5395;5390;6040;1330;5246;4680;5840;5426;5290;5280;5922;5300;5960;5424;0200;6000;7330;4740;6482;0180;1440;1850;5400;5220;5100;5370;1460;;;;;;;;;;;;;;;;;;;;;;;;;;;;;;;;;;;;;;;;;;;;;;;;;
Estado de comodidad: entorno;6482;6486;7180;0740;6480;6485;7460;;;;;;;;;;;;;;;;;;;;;;;;;;;;;;;;;;;;;;;;;;;;;;;;;;;;;;;;;;;;;;;;;;;;;;;;;;;;
Estado de comodidad: física;0840;6482;6040;1320;1380;1330;5860;0410;0740;5260;0470;1340;0202;5920;0460;0180;1450;3140;4120;0450;1570;1480;3740;;;;;;;;;;;;;;;;;;;;;;;;;;;;;;;;;;;;;;;;;;;;;;;;;;;;;;;;;;;;
Estado de comodidad: psicoespiritual;5420;5820;5270;1330;5480;5330;5310;5470;5840;5426;5290;5294;5280;5300;5960;5424;5320;6000;4400;5400;5390;6340;6040;5880;;;;;;;;;;;;;;;;;;;;;;;;;;;;;;;;;;;;;;;;;;;;;;;;;;;;;;;;;;;
Estado de comodidad: sociocultural;5440;7330;5470;4920;7560;7110;5430;5020;5100;7460;;;;;;;;;;;;;;;;;;;;;;;;;;;;;;;;;;;;;;;;;;;;;;;;;;;;;;;;;;;;;;;;;;;;;;;;;
Estado de deglución;1056;1803;6900;1860;1050;3160;0840;8100;5606;1100;1710;1160;3200;1460;5880;6650;;;;;;;;;;;;;;;;;;;;;;;;;;;;;;;;;;;;;;;;;;;;;;;;;;;;;;;;;;;;;;;;;;;
Estado de deglución: fase esofágica;0840;1860;5820;1410;1415;1570;1710;3200;1460;6650;;;;;;;;;;;;;;;;;;;;;;;;;;;;;;;;;;;;;;;;;;;;;;;;;;;;;;;;;;;;;;;;;;;;;;;;;
Estado de deglución: fase faríngea;3200;1860;3160;0840;1460;6650;;;;;;;;;;;;;;;;;;;;;;;;;;;;;;;;;;;;;;;;;;;;;;;;;;;;;;;;;;;;;;;;;;;;;;;;;;;;;
Estado de deglución: fase oral;6900;1860;1050;1052;1803;0840;1710;3200;1730;5880;6650;;;;;;;;;;;;;;;;;;;;;;;;;;;;;;;;;;;;;;;;;;;;;;;;;;;;;;;;;;;;;;;;;;;;;;;;
Estado de inmunización de la comunidad;8820;6530;6520;6540;7640;8700;7920;5510;8500;6610;8850;7970;6652;;;;;;;;;;;;;;;;;;;;;;;;;;;;;;;;;;;;;;;;;;;;;;;;;;;;;;;;;;;;;;;;;;;;;;
Estado de salud de la familia;6520;7140;5242;7180;5440;5562;5566;5568;5510;7100;7104;8272;8274;0200;7400;6612;6530;7130;6786;5370;6760;;;;;;;;;;;;;;;;;;;;;;;;;;;;;;;;;;;;;;;;;;;;;;;;;;;;;;;;;;;;;;
Estado de salud del estudiante;6520;5510;8272;8274;5240;5230;5330;5622;5426;4480;0200;1100;1260;5400;5390;4500;;;;;;;;;;;;;;;;;;;;;;;;;;;;;;;;;;;;;;;;;;;;;;;;;;;;;;;;;;;;;;;;;;;
Estado de salud personal;6520;5350;5510;1920;6650;5420;5230;1800;1805;4470;4490;4640;5330;5310;5820;5616;5426;4480;8340;0200;6610;0180;2380;1100;2660;1410;1415;1260;1160;2620;3350;5390;5100;4070;4500;6550;;;;;;;;;;;;;;;;;;;;;;;;;;;;;;;;;;;;;;;;;;;;;;;
Estado fetal: durante el parto;6772;6700;6830;6834;6850;6974;;;;;;;;;;;;;;;;;;;;;;;;;;;;;;;;;;;;;;;;;;;;;;;;;;;;;;;;;;;;;;;;;;;;;;;;;;;;;
Estado fetal: prenatal;6771;6982;6800;6656;;;;;;;;;;;;;;;;;;;;;;;;;;;;;;;;;;;;;;;;;;;;;;;;;;;;;;;;;;;;;;;;;;;;;;;;;;;;;;;
Estado inmune;6550;6520;1240;6540;5606;5616;6610;0180;6530;2380;2240;6600;7820;1260;3550;3350;3900;3740;6650;3590;;;;;;;;;;;;;;;;;;;;;;;;;;;;;;;;;;;;;;;;;;;;;;;;;;;;;;;;;;;;;;;
Estado materno: durante el parto;6830;2300;6700;6834;4020;6850;6480;2380;1410;1415;1480;6680;2620;4010;6550;6860;6040;5880;6650;;;;;;;;;;;;;;;;;;;;;;;;;;;;;;;;;;;;;;;;;;;;;;;;;;;;;;;;;;;;;;;;
Estado materno: preparto;6960;6403;5246;5230;5330;6800;4021;5612;6710;0180;1450;1410;1415;1260;1570;1850;6680;6760;6860;6982;6656;;;;;;;;;;;;;;;;;;;;;;;;;;;;;;;;;;;;;;;;;;;;;;;;;;;;;;;;;;;;;;
Estado materno: puerperio;6930;5244;5330;6750;4026;1410;1415;6680;6650;;;;;;;;;;;;;;;;;;;;;;;;;;;;;;;;;;;;;;;;;;;;;;;;;;;;;;;;;;;;;;;;;;;;;;;;;;
Estado neurológico;2560;2540;2590;6680;2300;0840;0844;1878;6200;5616;5618;5602;7690;6480;2000;2380;2660;2680;4120;2080;6140;1410;1415;1910;2550;1850;2020;4130;4210;2620;3350;1920;4820;3320;2720;2690;4190;3900;3902;6320;0226;4200;4510;6650;;;;;;;;;;;;;;;;;;;;;;;;;;;;;;;;;;;;;;;
Estado neurológico: autónomo;0570;2560;6680;0582;2300;0840;6540;0620;6200;5820;5618;0590;2380;7880;4120;6140;1410;1415;4250;0430;4130;2620;3350;6550;4190;3900;3902;4200;3740;6650;3590;;;;;;;;;;;;;;;;;;;;;;;;;;;;;;;;;;;;;;;;;;;;;;;;;;;;
Estado neurológico: consciencia;4720;2540;2590;2620;2300;2313;2314;0844;6200;7690;6480;6486;6460;2120;2130;4180;2380;2680;3140;4120;2080;6440;2550;6680;3350;4820;3320;2690;3200;7460;4190;4140;4200;4510;6650;;;;;;;;;;;;;;;;;;;;;;;;;;;;;;;;;;;;;;;;;;;;;;;;
Estado neurológico: control motor central;0140;2300;0202;0201;6480;2000;0180;2380;2680;2550;2020;2620;2690;0221;0226;0222;0224;6650;;;;;;;;;;;;;;;;;;;;;;;;;;;;;;;;;;;;;;;;;;;;;;;;;;;;;;;;;;;;;;;;;
Estado neurológico: función sensitiva/motora de pares craneales;6480;4974;4978;2620;1330;6610;6486;6510;2540;2550;;;;;;;;;;;;;;;;;;;;;;;;;;;;;;;;;;;;;;;;;;;;;;;;;;;;;;;;;;;;;;;;;;;;;;;;;
Estado neurológico: función sensitiva/motora medular;0842;0844;6486;2300;0940;4104;7690;2560;2380;2660;4120;3500;2550;2020;3480;6680;4130;2620;6590;4110;2920;3540;6650;3590;;;;;;;;;;;;;;;;;;;;;;;;;;;;;;;;;;;;;;;;;;;;;;;;;;;;;;;;;;;
Estado neurológico: periférico;2660;0201;2760;1410;1415;3480;0226;;;;;;;;;;;;;;;;;;;;;;;;;;;;;;;;;;;;;;;;;;;;;;;;;;;;;;;;;;;;;;;;;;;;;;;;;;;;
Estado nutricional;1160;4130;1120;1200;1050;1056;5246;1803;1280;1240;6960;5614;5606;1020;0180;1100;1030;4120;2080;1260;6680;1080;;;;;;;;;;;;;;;;;;;;;;;;;;;;;;;;;;;;;;;;;;;;;;;;;;;;;;;;;;;;;
Estado nutricional: determinaciones bioquímicas;7690;2000;2080;2020;1120;1200;5246;1240;5614;2006;2009;2120;4170;2130;4180;1100;1030;1910;;;;;;;;;;;;;;;;;;;;;;;;;;;;;;;;;;;;;;;;;;;;;;;;;;;;;;;;;;;;;;;;;
Estado nutricional: energía;0180;1100;1200;1050;1056;7500;5246;1803;5614;1030;1160;1120;;;;;;;;;;;;;;;;;;;;;;;;;;;;;;;;;;;;;;;;;;;;;;;;;;;;;;;;;;;;;;;;;;;;;;;
Estado nutricional: ingestión alimentaria y de líquidos;5246;4120;4360;1200;1050;1056;1052;5244;1803;1280;1240;5614;5606;1020;4480;6480;4350;1100;1450;1260;1570;1710;1160;4130;1860;4200;1120;;;;;;;;;;;;;;;;;;;;;;;;;;;;;;;;;;;;;;;;;;;;;;;;;;;;;;;;
Estado nutricional: ingestión de nutrientes;1160;1120;1200;1050;1056;7500;5246;1803;1280;1240;5614;7690;2380;1100;1030;1260;4360;;;;;;;;;;;;;;;;;;;;;;;;;;;;;;;;;;;;;;;;;;;;;;;;;;;;;;;;;;;;;;;;;;
Estado nutricional del lactante;;;;;;;;;;;;;;;;;;;;;;;;;;;;;;;;;;;;;;;;;;;;;;;;;;;;;;;;;;;;;;;;;;;;;;;;;;;;;;;;;;;
Estado respiratorio;3390;3350;3160;5820;3230;3120;0180;3302;3140;3180;3250;3320;3200;;;;;;;;;;;;;;;;;;;;;;;;;;;;;;;;;;;;;;;;;;;;;;;;;;;;;;;;;;;;;;;;;;;;;;
Estado respiratorio: intercambio gaseoso;3350;3320;3160;3390;0840;6540;4106;3310;5820;3230;4232;7690;3120;0180;3302;3140;3180;4120;2080;1910;1913;1914;3250;4130;2620;1920;3200;6550;4190;6320;4200;6650;;;;;;;;;;;;;;;;;;;;;;;;;;;;;;;;;;;;;;;;;;;;;;;;;;;
Estado respiratorio: permeabilidad de las vías respiratorias;3160;3140;5270;4490;0840;6200;5820;3230;3120;6410;6412;3180;3210;3250;6680;3350;3200;6320;6650;;;;;;;;;;;;;;;;;;;;;;;;;;;;;;;;;;;;;;;;;;;;;;;;;;;;;;;;;;;;;;;;
Estado respiratorio: ventilación;3390;3140;3350;2210;2311;5270;3160;5230;4490;0840;6540;1870;1872;6200;3310;5820;3230;4232;0200;3120;6486;6410;0180;3300;3180;4120;3210;1410;1415;3250;6680;4130;1920;3320;3200;5340;1460;6974;6040;5880;6650;;;;;;;;;;;;;;;;;;;;;;;;;;;;;;;;;;;;;;;;;;
Factores estresantes del cuidado familiar;7040;5230;7140;5270;5250;7180;5440;7260;5960;7110;7200;5430;7120;5360;6040;;;;;;;;;;;;;;;;;;;;;;;;;;;;;;;;;;;;;;;;;;;;;;;;;;;;;;;;;;;;;;;;;;;;
Fatiga: efectos nocivos;;;;;;;;;;;;;;;;;;;;;;;;;;;;;;;;;;;;;;;;;;;;;;;;;;;;;;;;;;;;;;;;;;;;;;;;;;;;;;;;;;;
Forma física;0200;0180;1805;4490;5612;0140;0202;0201;1100;1260;4360;6680;4310;0221;0226;0222;0224;5360;;;;;;;;;;;;;;;;;;;;;;;;;;;;;;;;;;;;;;;;;;;;;;;;;;;;;;;;;;;;;;;;;
Fugas;6470;6486;;;;;;;;;;;;;;;;;;;;;;;;;;;;;;;;;;;;;;;;;;;;;;;;;;;;;;;;;;;;;;;;;;;;;;;;;;;;;;;;;
Función esquelética;0140;0221;2303;1806;0840;0940;0202;0200;0201;0180;1260;0226;0222;0224;;;;;;;;;;;;;;;;;;;;;;;;;;;;;;;;;;;;;;;;;;;;;;;;;;;;;;;;;;;;;;;;;;;;;
Función gastrointestinal;0460;6650;2301;2304;2315;1200;1050;1056;1874;5820;0470;5614;1340;1020;2380;1100;1450;1410;1415;0450;1260;1570;0430;1160;1080;1120;;;;;;;;;;;;;;;;;;;;;;;;;;;;;;;;;;;;;;;;;;;;;;;;;;;;;;;;;
Función hepática;;;;;;;;;;;;;;;;;;;;;;;;;;;;;;;;;;;;;;;;;;;;;;;;;;;;;;;;;;;;;;;;;;;;;;;;;;;;;;;;;;;
Función metabólica;;;;;;;;;;;;;;;;;;;;;;;;;;;;;;;;;;;;;;;;;;;;;;;;;;;;;;;;;;;;;;;;;;;;;;;;;;;;;;;;;;;
Función renal;2000;4120;2080;1920;5246;1804;5510;5614;5606;7690;2001;2002;2005;2003;2004;0590;0180;2380;1450;7820;1260;1910;4240;2020;6680;4130;2150;2100;1120;6650;;;;;;;;;;;;;;;;;;;;;;;;;;;;;;;;;;;;;;;;;;;;;;;;;;;;;
Función sensitiva: auditiva;4974;2308;1640;6480;;;;;;;;;;;;;;;;;;;;;;;;;;;;;;;;;;;;;;;;;;;;;;;;;;;;;;;;;;;;;;;;;;;;;;;;;;;;;;;
Función sensitiva: gusto y olfato;1100;1450;1050;1330;4720;6480;4120;1260;1570;2550;1160;2020;4130;;;;;;;;;;;;;;;;;;;;;;;;;;;;;;;;;;;;;;;;;;;;;;;;;;;;;;;;;;;;;;;;;;;;;;
Función sensitiva: propioceptiva;0140;0222;0840;0200;0201;2620;4310;0221;0226;;;;;;;;;;;;;;;;;;;;;;;;;;;;;;;;;;;;;;;;;;;;;;;;;;;;;;;;;;;;;;;;;;;;;;;;;;
Función sensitiva: táctil;2560;2660;0840;5460;6540;4062;4066;3520;1660;3420;5603;1340;6480;2000;0590;3500;1410;1415;0430;3480;2620;3540;3900;3902;3590;;;;;;;;;;;;;;;;;;;;;;;;;;;;;;;;;;;;;;;;;;;;;;;;;;;;;;;;;;
Función sensitiva: visión;4978;2310;1650;4720;6480;2550;;;;;;;;;;;;;;;;;;;;;;;;;;;;;;;;;;;;;;;;;;;;;;;;;;;;;;;;;;;;;;;;;;;;;;;;;;;;;
Funcionamiento de la familia;7100;7104;6160;7150;7140;7040;7280;5250;5420;5240;5247;7380;5230;5440;4640;5562;5566;5568;4340;4410;4480;8272;8274;7110;7200;8300;8340;5430;5210;4350;7130;5020;7120;6788;6784;6786;5370;6760;4500;4510;;;;;;;;;;;;;;;;;;;;;;;;;;;;;;;;;;;;;;;;;;;
Funcionamiento de la familia: cuidado en la demencia ;;;;;;;;;;;;;;;;;;;;;;;;;;;;;;;;;;;;;;;;;;;;;;;;;;;;;;;;;;;;;;;;;;;;;;;;;;;;;;;;;;;
Funcionamiento sexual;5248;6300;5270;5250;5230;4470;4640;5480;6960;5820;5622;5624;5290;4480;5300;5430;4356;2380;1440;6784;6786;5400;5390;5220;6760;4500;5000;2280;;;;;;;;;;;;;;;;;;;;;;;;;;;;;;;;;;;;;;;;;;;;;;;;;;;;;;;
Gestión del tiempo personal;;;;;;;;;;;;;;;;;;;;;;;;;;;;;;;;;;;;;;;;;;;;;;;;;;;;;;;;;;;;;;;;;;;;;;;;;;;;;;;;;;;
Gravedad de la convulsión ;;;;;;;;;;;;;;;;;;;;;;;;;;;;;;;;;;;;;;;;;;;;;;;;;;;;;;;;;;;;;;;;;;;;;;;;;;;;;;;;;;;
Habilidades de interacción social;4362;5100;5240;5230;5440;4470;4640;5460;5820;4340;4920;7100;4480;7560;8272;8274;7110;7200;8340;5430;5320;7330;4350;4356;6460;7130;4974;4976;4360;5400;5390;5370;5000;5360;5450;4860;;;;;;;;;;;;;;;;;;;;;;;;;;;;;;;;;;;;;;;;;;;;;;;
Hidratación;6820;4180;4130;1050;1056;1052;5246;4220;2000;0460;0590;2380;1100;4120;2080;1260;4258;1570;1160;2020;6680;4190;3900;4140;4200;3740;;;;;;;;;;;;;;;;;;;;;;;;;;;;;;;;;;;;;;;;;;;;;;;;;;;;;;;;;
Identidad personal;6460;5400;5390;6404;5420;5240;5248;5230;5480;5330;4410;4720;8272;8274;5430;5210;6480;6487;6450;2380;6510;4362;4820;5220;5100;4500;4700;5000;5450;;;;;;;;;;;;;;;;;;;;;;;;;;;;;;;;;;;;;;;;;;;;;;;;;;;;;;
Identidad sexual;5248;5270;5240;5230;5440;5480;5820;5606;5624;5300;8272;8274;4356;5400;5390;5220;5100;5370;4700;5000;2280;;;;;;;;;;;;;;;;;;;;;;;;;;;;;;;;;;;;;;;;;;;;;;;;;;;;;;;;;;;;;;
Imagen corporal;5220;5240;5230;5440;1800;5480;0480;3420;5470;4920;5290;8272;8274;5430;5210;2760;1030;1260;5400;5390;4700;5450;;;;;;;;;;;;;;;;;;;;;;;;;;;;;;;;;;;;;;;;;;;;;;;;;;;;;;;;;;;;;
Implicación social;5100;5420;5240;5440;5480;5820;5350;4340;4920;4410;7100;5280;4480;5424;7560;7440;8272;8274;7110;5430;5320;7330;0180;4974;4976;4978;4362;7120;5400;5390;5370;5340;5000;4330;4320;4390;4430;4310;5360;4860;7150;4510;;;;;;;;;;;;;;;;;;;;;;;;;;;;;;;;;;;;;;;;;
Integridad de la familia;7100;7104;7140;7280;5250;5562;5566;5568;5280;4480;6710;8272;8274;8300;8340;7130;5020;5400;5390;5370;6760;4500;7150;4510;;;;;;;;;;;;;;;;;;;;;;;;;;;;;;;;;;;;;;;;;;;;;;;;;;;;;;;;;;;
Integridad del acceso para hemodiálisis;4240;3440;4020;0910;4070;6550;3590;;;;;;;;;;;;;;;;;;;;;;;;;;;;;;;;;;;;;;;;;;;;;;;;;;;;;;;;;;;;;;;;;;;;;;;;;;;;
Integridad tisular: piel y membranas mucosas;0410;0610;1750;3500;4110;6570;3590;2300;2301;2310;2304;2315;2316;2318;2308;1200;1804;1801;1806;1610;0840;6540;4064;4062;4066;0480;3584;3583;3582;3660;3520;1650;1660;0940;3420;0740;0762;3440;4022;4024;4026;5603;5606;1340;1720;6410;0460;2380;1100;2240;6600;4120;0490;3550;1710;1480;3480;4130;4070;4010;3540;6550;1730;;;;;;;;;;;;;;;;;;;;
Lactancia materna: destete;1052;6870;1380;7140;5270;5244;5230;3584;5820;5640;5643;5641;5642;4920;6522;7110;5210;1410;1415;6550;3590;;;;;;;;;;;;;;;;;;;;;;;;;;;;;;;;;;;;;;;;;;;;;;;;;;;;;;;;;;;;;;
Lazos afectivos padres-hijo;6840;6710;1052;5270;5244;5230;6820;6830;5820;5568;5655;5643;7100;7104;5210;6612;5370;6760;;;;;;;;;;;;;;;;;;;;;;;;;;;;;;;;;;;;;;;;;;;;;;;;;;;;;;;;;;;;;;;;;
Maduración física: femenina;5622;5624;8272;6520;5820;5562;4370;5210;6610;4356;1100;1440;5400;5390;5220;;;;;;;;;;;;;;;;;;;;;;;;;;;;;;;;;;;;;;;;;;;;;;;;;;;;;;;;;;;;;;;;;;;;
Maduración física: masculina;5622;5624;8272;6520;5820;5562;4370;5210;6610;4356;1100;5400;5390;5220;;;;;;;;;;;;;;;;;;;;;;;;;;;;;;;;;;;;;;;;;;;;;;;;;;;;;;;;;;;;;;;;;;;;;
Mantenimiento de la lactancia materna;1052;5270;5244;7140;5230;3584;6820;5820;5568;5606;5640;5643;5641;5642;4920;7100;6710;7110;5430;5210;7400;6480;6482;0180;2380;1100;4120;1410;1415;1260;1850;1160;6550;6900;6870;6040;6650;3590;;;;;;;;;;;;;;;;;;;;;;;;;;;;;;;;;;;;;;;;;;;;;
Marcha;;;;;;;;;;;;;;;;;;;;;;;;;;;;;;;;;;;;;;;;;;;;;;;;;;;;;;;;;;;;;;;;;;;;;;;;;;;;;;;;;;;
Memoria;4760;6460;7140;5270;5230;5820;4920;4720;5520;6486;0180;2380;1850;4820;6470;7460;4700;4390;4860;;;;;;;;;;;;;;;;;;;;;;;;;;;;;;;;;;;;;;;;;;;;;;;;;;;;;;;;;;;;;;;;
Modificación psicosocial: cambio de vida;5230;5210;7140;5270;6400;5250;5420;5240;5440;4470;4640;5330;5260;5310;5470;5820;5350;5562;5566;5568;5510;4920;4410;5290;4480;7560;8272;8274;7110;8300;8340;5430;5320;6160;1850;4360;7370;5400;5390;5220;5100;5370;6760;4500;7460;4700;5000;4310;5360;4860;;;;;;;;;;;;;;;;;;;;;;;;;;;;;;;;;
Motivación;4480;5395;4420;5250;5420;5240;7380;5230;5440;4470;5480;5330;5606;4340;4410;5960;7110;8340;5430;4350;4360;4362;5400;5390;5100;5370;;;;;;;;;;;;;;;;;;;;;;;;;;;;;;;;;;;;;;;;;;;;;;;;;;;;;;;;;
Movilidad;0221;0222;2210;1800;1804;1801;1806;1802;0842;0840;0844;0846;0940;0740;0762;0764;5612;4410;0140;0202;0200;0201;6486;0180;2380;2660;3500;1410;1415;2620;4070;6490;4310;0226;0224;3590;;;;;;;;;;;;;;;;;;;;;;;;;;;;;;;;;;;;;;;;;;;;;;;
Movimiento articular;0 intervenciones para este resultado;;;;;;;;;;;;;;;;;;;;;;;;;;;;;;;;;;;;;;;;;;;;;;;;;;;;;;;;;;;;;;;;;;;;;;;;;;;;;;;;;;
Movimiento articular: cadera;0224;2210;5612;0140;0202;0200;0201;0180;6490;0221;0226;0222;;;;;;;;;;;;;;;;;;;;;;;;;;;;;;;;;;;;;;;;;;;;;;;;;;;;;;;;;;;;;;;;;;;;;;;
Movimiento articular: codo;0224;2210;5612;0140;0202;0200;0201;0180;0221;0226;0222;;;;;;;;;;;;;;;;;;;;;;;;;;;;;;;;;;;;;;;;;;;;;;;;;;;;;;;;;;;;;;;;;;;;;;;;
Movimiento articular: columna vertebral;0224;2210;5612;0140;0202;0200;0201;0180;0221;0226;0222;;;;;;;;;;;;;;;;;;;;;;;;;;;;;;;;;;;;;;;;;;;;;;;;;;;;;;;;;;;;;;;;;;;;;;;;
Movimiento articular: cuello;0224;2210;5612;0140;0202;0200;0201;0180;0221;0226;0222;;;;;;;;;;;;;;;;;;;;;;;;;;;;;;;;;;;;;;;;;;;;;;;;;;;;;;;;;;;;;;;;;;;;;;;;
Movimiento articular: dedos;0224;2210;5612;0140;0202;0200;0201;0180;0221;0226;0222;;;;;;;;;;;;;;;;;;;;;;;;;;;;;;;;;;;;;;;;;;;;;;;;;;;;;;;;;;;;;;;;;;;;;;;;
Movimiento articular: hombro;0224;2210;5612;0140;0202;0200;0201;0180;0221;0226;0222;;;;;;;;;;;;;;;;;;;;;;;;;;;;;;;;;;;;;;;;;;;;;;;;;;;;;;;;;;;;;;;;;;;;;;;;
Movimiento articular: muñeca;0224;2210;5612;0140;0202;0200;0201;0180;0221;0226;0222;;;;;;;;;;;;;;;;;;;;;;;;;;;;;;;;;;;;;;;;;;;;;;;;;;;;;;;;;;;;;;;;;;;;;;;;
Movimiento articular: pasivo;0224;0202;0180;1410;1415;0226;3590;;;;;;;;;;;;;;;;;;;;;;;;;;;;;;;;;;;;;;;;;;;;;;;;;;;;;;;;;;;;;;;;;;;;;;;;;;;;
Movimiento articular: rodilla;0224;2210;5612;0140;0202;0200;0201;0180;6490;0221;0226;0222;;;;;;;;;;;;;;;;;;;;;;;;;;;;;;;;;;;;;;;;;;;;;;;;;;;;;;;;;;;;;;;;;;;;;;;
Movimiento articular: tobillo;0224;2210;5612;0140;0202;0200;0201;0180;6490;0221;0226;0222;;;;;;;;;;;;;;;;;;;;;;;;;;;;;;;;;;;;;;;;;;;;;;;;;;;;;;;;;;;;;;;;;;;;;;;
Movimiento coordinado;0201;0226;1800;1806;0846;5612;0140;0202;0200;6486;2760;0180;2380;1100;1410;1415;1260;1480;1850;6490;1460;4310;0221;0222;0224;6040;;;;;;;;;;;;;;;;;;;;;;;;;;;;;;;;;;;;;;;;;;;;;;;;;;;;;;;;;
Muerte confortable;5260;5820;2210;2400;1800;0840;5465;0740;7170;6000;6482;0180;2380;1100;1450;3140;1410;1415;1570;1710;1480;1850;1160;5340;6040;;;;;;;;;;;;;;;;;;;;;;;;;;;;;;;;;;;;;;;;;;;;;;;;;;;;;;;;;;
Muerte digna;5250;5230;5270;5420;2400;5440;4640;4680;5480;5460;5260;5310;5470;5820;4920;4410;7100;5426;5290;5280;5300;7560;7110;5210;7330;7120;4400;6260;5340;7460;4860;;;;;;;;;;;;;;;;;;;;;;;;;;;;;;;;;;;;;;;;;;;;;;;;;;;;
Naúseas y vómitos: efectos nocivos;1450;2300;5270;5246;5330;5820;2380;2240;4120;2080;1570;1850;1160;2020;4130;5370;6040;;;;;;;;;;;;;;;;;;;;;;;;;;;;;;;;;;;;;;;;;;;;;;;;;;;;;;;;;;;;;;;;;;
Nivel de agitación;4640;5820;6460;6462;2300;5230;5330;4380;6487;6486;4350;4352;1260;1850;6680;4130;6470;5880;;;;;;;;;;;;;;;;;;;;;;;;;;;;;;;;;;;;;;;;;;;;;;;;;;;;;;;;;;;;;;;;;
Nivel de ansiedad;5820;5350;5580;5390;6300;2300;5270;6400;5250;5420;1330;5240;5230;5440;4640;5860;5480;5460;5330;5470;5900;5840;4920;5300;5960;7560;8340;0200;5430;5210;6000;6160;6480;6482;4350;4352;6460;6462;2380;1450;1410;1415;1480;1850;6680;4400;6470;5340;7460;1460;4320;4390;4430;5360;5450;6040;5880;;;;;;;;;;;;;;;;;;;;;;;;;;
Nivel de ansiedad social;;;;;;;;;;;;;;;;;;;;;;;;;;;;;;;;;;;;;;;;;;;;;;;;;;;;;;;;;;;;;;;;;;;;;;;;;;;;;;;;;;;
Nivel de autocuidado;5606;5395;1800;1805;1803;1804;1801;1806;1802;5612;5614;5616;5618;0140;0200;0180;2380;1710;;;;;;;;;;;;;;;;;;;;;;;;;;;;;;;;;;;;;;;;;;;;;;;;;;;;;;;;;;;;;;;;;
Nivel de delirio;6440;1850;5330;5820;6482;6486;6450;0180;2380;6510;4400;4820;2690;6490;4514;4512;4516;5880;;;;;;;;;;;;;;;;;;;;;;;;;;;;;;;;;;;;;;;;;;;;;;;;;;;;;;;;;;;;;;;;;
Nivel de demencia;;;;;;;;;;;;;;;;;;;;;;;;;;;;;;;;;;;;;;;;;;;;;;;;;;;;;;;;;;;;;;;;;;;;;;;;;;;;;;;;;;;
Nivel de depresión;5330;5310;8340;1410;1415;4420;2300;5270;5420;5240;5230;5440;4470;4640;4680;5260;5820;5290;5294;5280;5300;0200;6926;5430;6160;4354;0180;2380;2570;1260;1850;1160;4400;5400;5390;5100;5370;4500;6340;4700;4320;4390;4430;4310;5450;4860;4510;;;;;;;;;;;;;;;;;;;;;;;;;;;;;;;;;;;;
Nivel de estrés;5230;5350;5270;5250;5420;1330;5240;5440;4470;4640;5330;5820;5900;5922;5960;7110;5430;5320;1450;1480;1850;4360;1160;5340;4500;6040;5880;;;;;;;;;;;;;;;;;;;;;;;;;;;;;;;;;;;;;;;;;;;;;;;;;;;;;;;;
Nivel de fatiga;0180;1800;1805;5330;8100;5820;5612;5300;7690;6480;2380;1100;1410;1415;1480;1850;1160;6650;;;;;;;;;;;;;;;;;;;;;;;;;;;;;;;;;;;;;;;;;;;;;;;;;;;;;;;;;;;;;;;;;
Nivel de glucemia;7690;2120;2130;2312;2304;5246;5614;5620;5616;5618;5602;2380;4035;;;;;;;;;;;;;;;;;;;;;;;;;;;;;;;;;;;;;;;;;;;;;;;;;;;;;;;;;;;;;;;;;;;;;;
Nivel de hiperactividad;8274;4352;7140;4370;7100;5210;6610;6480;4350;0180;7130;4360;7150;;;;;;;;;;;;;;;;;;;;;;;;;;;;;;;;;;;;;;;;;;;;;;;;;;;;;;;;;;;;;;;;;;;;;;
Nivel de malestar;2380;1410;1415;1320;2210;2300;2313;2314;2304;1380;5270;5230;1610;5860;0840;5465;5260;5820;0470;5900;1340;1540;5960;5920;5320;6000;0910;6482;0180;2260;1450;1570;0430;1480;1850;4400;3320;2390;5340;6040;5880;;;;;;;;;;;;;;;;;;;;;;;;;;;;;;;;;;;;;;;;;;
Nivel de miedo;5230;5820;5270;6404;6403;5250;5420;5240;4640;5480;5260;5470;5350;5610;5618;5602;4920;5300;8340;5430;5210;6000;5580;6160;6480;6486;0460;2380;1450;1410;1415;1850;4360;6680;7120;4400;6760;5340;7460;5450;6040;6300;5880;;;;;;;;;;;;;;;;;;;;;;;;;;;;;;;;;;;;;;;;
Nivel de miedo: infantil;5820;5410;2300;5270;6402;5230;4640;5470;5900;5606;4920;7170;7110;5580;6480;6486;0460;1450;1410;1415;1850;6680;4400;5340;4500;4330;4320;4430;5880;;;;;;;;;;;;;;;;;;;;;;;;;;;;;;;;;;;;;;;;;;;;;;;;;;;;;;
Nivel de pánico ;;;;;;;;;;;;;;;;;;;;;;;;;;;;;;;;;;;;;;;;;;;;;;;;;;;;;;;;;;;;;;;;;;;;;;;;;;;;;;;;;;;
Nivel de violencia social;6487;6652;6400;8700;7920;8500;9050;6610;6484;6486;8880;7970;;;;;;;;;;;;;;;;;;;;;;;;;;;;;;;;;;;;;;;;;;;;;;;;;;;;;;;;;;;;;;;;;;;;;;;
Nivel del dolor;2400;2260;1410;1415;1320;2210;2214;2840;2300;2313;2314;2304;1380;5270;0840;5460;5465;5820;0470;5900;4920;1340;7104;1540;6000;0910;6484;6482;0180;2380;1480;1850;6680;4400;2390;5340;6040;6650;;;;;;;;;;;;;;;;;;;;;;;;;;;;;;;;;;;;;;;;;;;;;
Normalización de la familia;7140;7200;7130;7040;7280;5270;6400;5250;5420;7500;5240;7180;7380;5230;5440;7910;7260;4410;7100;5290;5300;8272;8274;7110;7320;5430;5210;7400;6485;6460;7120;5370;4860;5410;7150;;;;;;;;;;;;;;;;;;;;;;;;;;;;;;;;;;;;;;;;;;;;;;;;
Normalización de la familia: demencia ;;;;;;;;;;;;;;;;;;;;;;;;;;;;;;;;;;;;;;;;;;;;;;;;;;;;;;;;;;;;;;;;;;;;;;;;;;;;;;;;;;;
Normalización de la familia: trastorno del espectro autista ;;;;;;;;;;;;;;;;;;;;;;;;;;;;;;;;;;;;;;;;;;;;;;;;;;;;;;;;;;;;;;;;;;;;;;;;;;;;;;;;;;;
Orientación cognitiva;4820;2300;5270;5230;6430;5820;5350;4760;4720;7560;7110;5320;6480;6486;6450;6460;6462;2380;6510;6440;1410;1415;1910;2550;1850;4974;4976;2020;2620;6470;6490;7460;4700;6420;6580;4390;4860;4510;5880;6650;;;;;;;;;;;;;;;;;;;;;;;;;;;;;;;;;;;;;;;;;;;
Orientación sobre la salud;5510;5250;5240;4470;5480;4410;4480;6610;7330;5390;5370;;;;;;;;;;;;;;;;;;;;;;;;;;;;;;;;;;;;;;;;;;;;;;;;;;;;;;;;;;;;;;;;;;;;;;;;
Participación de la familia en la asistencia sanitaria profesional;7110;7140;5250;5240;5230;8180;5510;4340;4920;4410;4480;7170;5210;7400;7960;7330;7120;6788;7370;7460;;;;;;;;;;;;;;;;;;;;;;;;;;;;;;;;;;;;;;;;;;;;;;;;;;;;;;;;;;;;;;;
Participación en actividades de ocio;5100;5360;5440;4680;5820;4480;0200;5320;4362;7120;4400;5400;4330;4320;4430;4310;4860;;;;;;;;;;;;;;;;;;;;;;;;;;;;;;;;;;;;;;;;;;;;;;;;;;;;;;;;;;;;;;;;;;
Participación en el ejercicio;;;;;;;;;;;;;;;;;;;;;;;;;;;;;;;;;;;;;;;;;;;;;;;;;;;;;;;;;;;;;;;;;;;;;;;;;;;;;;;;;;;
Participación en juegos;8274;5100;4430;5566;7560;7200;8300;0200;6480;4362;4400;4330;4320;4310;5360;;;;;;;;;;;;;;;;;;;;;;;;;;;;;;;;;;;;;;;;;;;;;;;;;;;;;;;;;;;;;;;;;;;;
Participación en la rehabilitación cardíaca ;;;;;;;;;;;;;;;;;;;;;;;;;;;;;;;;;;;;;;;;;;;;;;;;;;;;;;;;;;;;;;;;;;;;;;;;;;;;;;;;;;;
Participación en la rehabilitación musculoesquelética ;;;;;;;;;;;;;;;;;;;;;;;;;;;;;;;;;;;;;;;;;;;;;;;;;;;;;;;;;;;;;;;;;;;;;;;;;;;;;;;;;;;
Participación en las decisiones sobre la salud;5230;4480;5250;5240;4680;5480;8180;7310;8100;5820;4340;4920;4410;7110;5210;7400;7960;7330;8550;5395;5515;4360;7370;7460;5000;;;;;;;;;;;;;;;;;;;;;;;;;;;;;;;;;;;;;;;;;;;;;;;;;;;;;;;;;;
Pensamiento abstracto;;;;;;;;;;;;;;;;;;;;;;;;;;;;;;;;;;;;;;;;;;;;;;;;;;;;;;;;;;;;;;;;;;;;;;;;;;;;;;;;;;;
Perfusión tisular;;;;;;;;;;;;;;;;;;;;;;;;;;;;;;;;;;;;;;;;;;;;;;;;;;;;;;;;;;;;;;;;;;;;;;;;;;;;;;;;;;;
Perfusión tisular: cardíaca;4062;4254;4150;2300;4040;4044;4066;6200;5820;2000;4090;2130;4180;2380;7880;1450;4120;2080;6140;1410;1415;4092;4250;4256;4258;1570;1910;1850;6680;4130;4210;3350;1920;3320;4050;4070;4010;4140;6650;;;;;;;;;;;;;;;;;;;;;;;;;;;;;;;;;;;;;;;;;;;;
Perfusión tisular: celular;3480;6680;5820;1450;4120;2080;1410;1415;1570;1910;4130;2620;4140;3590;;;;;;;;;;;;;;;;;;;;;;;;;;;;;;;;;;;;;;;;;;;;;;;;;;;;;;;;;;;;;;;;;;;;;
Perfusión tisular: cerebral;2550;2620;2300;2314;2307;0840;0844;5820;4020;7690;2130;4180;2380;4270;2680;4120;6140;1410;1415;2540;4250;1570;1910;2590;6680;4130;3350;1920;4820;3320;2720;2690;4260;4140;6650;;;;;;;;;;;;;;;;;;;;;;;;;;;;;;;;;;;;;;;;;;;;;;;;
Perfusión tisular: órganos abdominales;4062;4066;2080;2301;4030;1874;6200;0470;4022;4028;4021;4026;7690;2000;0590;4180;2380;1100;1450;4120;1410;1415;4250;4258;1570;1910;1911;1912;2020;6680;4130;1920;3320;4010;4260;4190;4140;1080;2100;4200;6650;;;;;;;;;;;;;;;;;;;;;;;;;;;;;;;;;;;;;;;;;;
Perfusión tisular: periférica;0842;4062;4066;3480;2300;4030;0840;0846;4040;4044;4064;3584;4104;6200;4020;4232;4238;0200;7690;4180;2380;4270;4120;2080;3500;1410;1415;4250;4254;4256;4258;2550;6680;4130;4050;4070;2865;4110;4010;3540;4260;4190;4150;4140;6320;6972;6974;4200;3590;;;;;;;;;;;;;;;;;;;;;;;;;;;;;;;;;;
Perfusión tisular: pulmonar;4062;4106;4232;2300;3390;4044;5820;7690;2380;3300;3140;4120;6140;1410;1415;4250;1913;1914;6680;4130;4210;3350;1920;3320;4190;4150;6320;4200;6650;;;;;;;;;;;;;;;;;;;;;;;;;;;;;;;;;;;;;;;;;;;;;;;;;;;;;;
Peso: masa corporal;1240;1260;5246;0200;1100;1030;4360;1160;1120;;;;;;;;;;;;;;;;;;;;;;;;;;;;;;;;;;;;;;;;;;;;;;;;;;;;;;;;;;;;;;;;;;;;;;;;;;
Posición corporal: autoiniciada;0201;0226;1800;1804;1806;0840;0940;5612;5606;0140;0202;0200;2760;0180;2660;1410;1415;6490;0221;0222;0224;;;;;;;;;;;;;;;;;;;;;;;;;;;;;;;;;;;;;;;;;;;;;;;;;;;;;;;;;;;;;;
Preparación antes del procedimiento;0 intervenciones para este resultado;;;;;;;;;;;;;;;;;;;;;;;;;;;;;;;;;;;;;;;;;;;;;;;;;;;;;;;;;;;;;;;;;;;;;;;;;;;;;;;;;;
Preparación del cuidador familiar domiciliario;5250;8300;5395;7370;7140;7040;5270;7180;7380;5230;5440;7260;8100;5820;5562;5566;5568;5612;5614;5620;5606;5616;5618;5602;7110;7200;5210;7400;6485;7130;7120;5370;6760;;;;;;;;;;;;;;;;;;;;;;;;;;;;;;;;;;;;;;;;;;;;;;;;;;
Preparación para el alta: vida independiente;5350;7400;7370;5250;7380;5440;1800;1805;5510;5612;5614;5616;5618;5602;4410;4480;5210;;;;;;;;;;;;;;;;;;;;;;;;;;;;;;;;;;;;;;;;;;;;;;;;;;;;;;;;;;;;;;;;;;
Preparación para el alta: vivir con apoyo;5820;5350;7370;5270;4640;4410;7110;7120;7460;;;;;;;;;;;;;;;;;;;;;;;;;;;;;;;;;;;;;;;;;;;;;;;;;;;;;;;;;;;;;;;;;;;;;;;;;;
Preparación para un desastre en la comunidad;8810;8840;8700;7760;6610;6530;8550;8880;7970;6362;6652;;;;;;;;;;;;;;;;;;;;;;;;;;;;;;;;;;;;;;;;;;;;;;;;;;;;;;;;;;;;;;;;;;;;;;;;
Protección del abuso;6400;6404;6403;6402;7140;5250;5240;5440;4340;6610;6487;6486;5395;5400;5390;;;;;;;;;;;;;;;;;;;;;;;;;;;;;;;;;;;;;;;;;;;;;;;;;;;;;;;;;;;;;;;;;;;;
Quimioterapia: efectos físicos adversos ;;;;;;;;;;;;;;;;;;;;;;;;;;;;;;;;;;;;;;;;;;;;;;;;;;;;;;;;;;;;;;;;;;;;;;;;;;;;;;;;;;;
Reacción transfusional sanguínea;0 intervenciones para este resultado;;;;;;;;;;;;;;;;;;;;;;;;;;;;;;;;;;;;;;;;;;;;;;;;;;;;;;;;;;;;;;;;;;;;;;;;;;;;;;;;;;
Realización de la alimentación con biberón;;;;;;;;;;;;;;;;;;;;;;;;;;;;;;;;;;;;;;;;;;;;;;;;;;;;;;;;;;;;;;;;;;;;;;;;;;;;;;;;;;;
Realización de la alimentación con taza;;;;;;;;;;;;;;;;;;;;;;;;;;;;;;;;;;;;;;;;;;;;;;;;;;;;;;;;;;;;;;;;;;;;;;;;;;;;;;;;;;;
Realización de transferencia;1806;0201;0226;1800;1804;0840;0846;5820;5612;5620;0140;0202;0200;6486;0180;1410;1415;1260;6490;0222;0224;;;;;;;;;;;;;;;;;;;;;;;;;;;;;;;;;;;;;;;;;;;;;;;;;;;;;;;;;;;;;;
Recuperación de las quemaduras;0 intervenciones para este resultado;;;;;;;;;;;;;;;;;;;;;;;;;;;;;;;;;;;;;;;;;;;;;;;;;;;;;;;;;;;;;;;;;;;;;;;;;;;;;;;;;;
Recuperación del acoso infantil ;;;;;;;;;;;;;;;;;;;;;;;;;;;;;;;;;;;;;;;;;;;;;;;;;;;;;;;;;;;;;;;;;;;;;;;;;;;;;;;;;;;
Recuperación posterior al procedimiento;0180;1410;1415;2210;1800;0840;3662;0740;3440;0590;1450;3140;4120;1710;5395;1850;3250;1160;6680;3350;6550;3900;3902;;;;;;;;;;;;;;;;;;;;;;;;;;;;;;;;;;;;;;;;;;;;;;;;;;;;;;;;;;;;
Recuperación quirúrgica: convalecencia;;;;;;;;;;;;;;;;;;;;;;;;;;;;;;;;;;;;;;;;;;;;;;;;;;;;;;;;;;;;;;;;;;;;;;;;;;;;;;;;;;;
Recuperación quirúrgica: postoperatorio inmediato;;;;;;;;;;;;;;;;;;;;;;;;;;;;;;;;;;;;;;;;;;;;;;;;;;;;;;;;;;;;;;;;;;;;;;;;;;;;;;;;;;;
Recuperación tras abandono;5240;5400;;;;;;;;;;;;;;;;;;;;;;;;;;;;;;;;;;;;;;;;;;;;;;;;;;;;;;;;;;;;;;;;;;;;;;;;;;;;;;;;;
Recuperación tras el abuso;6400;6160;5400;5270;6404;6402;5240;5248;5230;5440;4470;4640;5330;5310;5820;4340;4920;5280;4480;5300;5430;5390;5340;5450;5410;6300;;;;;;;;;;;;;;;;;;;;;;;;;;;;;;;;;;;;;;;;;;;;;;;;;;;;;;;;;
Recuperación tras el abuso: económico;5240;7380;5230;5250;5440;4340;5395;5400;7460;;;;;;;;;;;;;;;;;;;;;;;;;;;;;;;;;;;;;;;;;;;;;;;;;;;;;;;;;;;;;;;;;;;;;;;;;;
Recuperación tras el abuso: emocional;6400;5240;5440;5450;6300;7140;5270;5420;5230;4640;5330;0612;5820;4340;4370;5290;5280;5300;5430;6160;4354;5400;5100;4500;6340;5410;;;;;;;;;;;;;;;;;;;;;;;;;;;;;;;;;;;;;;;;;;;;;;;;;;;;;;;;;
Recuperación tras el abuso: físico;6520;6400;6610;2300;1380;6540;0410;3660;5510;7400;6482;6486;1410;1415;1160;5220;6550;6300;3590;;;;;;;;;;;;;;;;;;;;;;;;;;;;;;;;;;;;;;;;;;;;;;;;;;;;;;;;;;;;;;;;
Recuperación tras el abuso: sexual;6400;5240;5248;5230;6300;7140;5270;6404;6403;6402;5250;5420;5440;4640;5480;5330;5310;8100;5820;5624;4340;4370;4920;5290;5280;5300;8340;5430;5210;7400;6160;4354;4356;1030;7820;5395;1850;5400;5390;5100;5340;4500;6340;4330;4430;5450;6040;5410;5880;;;;;;;;;;;;;;;;;;;;;;;;;;;;;;;;;;
Relación entre el cuidador principal y el paciente;5230;5370;5340;7140;7040;5270;6404;6403;6402;5240;7180;5440;4470;4640;5460;7260;4920;4410;7100;5290;5280;5300;7110;5430;5320;6487;5020;7120;5100;5000;4860;;;;;;;;;;;;;;;;;;;;;;;;;;;;;;;;;;;;;;;;;;;;;;;;;;;;
Rendimiento de los mecanismos corporales;0140;0221;1800;1805;1804;1806;5606;0202;0201;0226;0222;0224;;;;;;;;;;;;;;;;;;;;;;;;;;;;;;;;;;;;;;;;;;;;;;;;;;;;;;;;;;;;;;;;;;;;;;;
Rendimiento del cuidador principal: cuidados directos;5395;7040;6400;7180;5230;5440;6820;7260;8100;5568;5612;5614;5620;5606;5616;5618;5602;5520;7110;7200;8300;7320;5210;7400;6482;6485;6486;6462;2380;1100;2240;1410;1415;7370;5540;5370;6650;6824;;;;;;;;;;;;;;;;;;;;;;;;;;;;;;;;;;;;;;;;;;;;;
Rendimiento del cuidador principal: cuidados indirectos;7040;7910;6485;5395;5250;7180;7380;5230;5440;7410;8180;8100;5510;5606;4340;4410;7100;7110;8300;7320;5430;5210;7400;7330;6480;6482;6486;7840;7130;7120;7370;7460;;;;;;;;;;;;;;;;;;;;;;;;;;;;;;;;;;;;;;;;;;;;;;;;;;;
Resiliencia de la comunidad;;;;;;;;;;;;;;;;;;;;;;;;;;;;;;;;;;;;;;;;;;;;;;;;;;;;;;;;;;;;;;;;;;;;;;;;;;;;;;;;;;;
Resiliencia familiar;8340;7130;4510;7140;7040;7280;5270;5250;5420;5240;7380;5230;5440;5480;7260;5310;7100;7104;5290;5294;7110;7200;5430;7400;5320;6160;6485;5020;5395;7120;6788;7150;;;;;;;;;;;;;;;;;;;;;;;;;;;;;;;;;;;;;;;;;;;;;;;;;;;
Resiliencia personal;8340;5400;5270;6400;5250;5230;4640;5330;5622;4480;5430;6610;6160;5020;5395;4360;5390;5370;4500;;;;;;;;;;;;;;;;;;;;;;;;;;;;;;;;;;;;;;;;;;;;;;;;;;;;;;;;;;;;;;;;
Resistencia;0201;0180;6520;5270;1800;4490;4046;5612;5614;4410;5300;0202;0200;6610;6480;6482;2380;1100;1030;1410;1415;1260;1850;1160;2020;6680;3320;4310;0221;0226;0222;0224;;;;;;;;;;;;;;;;;;;;;;;;;;;;;;;;;;;;;;;;;;;;;;;;;;;
Resistencia del papel del cuidador;7040;5230;7260;5270;5250;5420;7180;7380;5440;8180;7110;8300;0200;5430;7400;6485;0180;5515;7120;5360;6040;;;;;;;;;;;;;;;;;;;;;;;;;;;;;;;;;;;;;;;;;;;;;;;;;;;;;;;;;;;;;;
Resolución de la aflicción;5290;5294;7280;5270;5420;5240;5230;5440;4640;4680;5330;5260;6950;5310;5820;4920;7100;7104;5280;5300;0200;5430;5210;7330;1850;1160;5370;4500;4320;4860;7150;;;;;;;;;;;;;;;;;;;;;;;;;;;;;;;;;;;;;;;;;;;;;;;;;;;;
Resolución de la culpa;;;;;;;;;;;;;;;;;;;;;;;;;;;;;;;;;;;;;;;;;;;;;;;;;;;;;;;;;;;;;;;;;;;;;;;;;;;;;;;;;;;
Respuesta a la aflicción de la comunidad;;;;;;;;;;;;;;;;;;;;;;;;;;;;;;;;;;;;;;;;;;;;;;;;;;;;;;;;;;;;;;;;;;;;;;;;;;;;;;;;;;;
Respuesta a la medicación;5606;5616;2300;2395;5510;5602;6410;2380;2240;3210;5540;2280;6650;;;;;;;;;;;;;;;;;;;;;;;;;;;;;;;;;;;;;;;;;;;;;;;;;;;;;;;;;;;;;;;;;;;;;;
Respuesta alérgica: localizada;6410;6570;6550;2300;2301;2314;2320;2310;2315;2316;2318;2308;3584;3660;5606;6610;6480;2380;3550;3350;8880;6650;3590;;;;;;;;;;;;;;;;;;;;;;;;;;;;;;;;;;;;;;;;;;;;;;;;;;;;;;;;;;;;
Respuesta alérgica: sistémica;2313;6410;6412;2300;2314;2320;3160;3390;6200;5820;6610;3120;2380;3300;3140;3180;4120;3210;6140;6680;4130;3350;3320;6570;5340;4260;4190;6320;4200;6650;;;;;;;;;;;;;;;;;;;;;;;;;;;;;;;;;;;;;;;;;;;;;;;;;;;;;
Respuesta ante un desastre en la comunidad;8880;6362;6540;6610;6486;6530;6550;;;;;;;;;;;;;;;;;;;;;;;;;;;;;;;;;;;;;;;;;;;;;;;;;;;;;;;;;;;;;;;;;;;;;;;;;;;;
Respuesta de hipersensibilidad inmunológica;3584;6610;6550;3590;2316;2318;6540;3660;5606;5616;5602;6410;3210;3550;1710;2620;3350;4070;0224;;;;;;;;;;;;;;;;;;;;;;;;;;;;;;;;;;;;;;;;;;;;;;;;;;;;;;;;;;;;;;;;
Respuesta de la ventilación mecánica: adulto;3300;3350;5270;3160;5230;0840;6540;0740;6200;3310;5820;7170;3230;4232;4238;7690;3120;6482;6486;0180;2380;7880;3140;3180;4120;3500;1410;1415;1710;6680;2620;1920;3320;3200;6550;7460;5880;6650;3590;;;;;;;;;;;;;;;;;;;;;;;;;;;;;;;;;;;;;;;;;;;;
Riesgo de tendencia a las fugas;6610;6470;5820;5350;5290;7560;6486;7460;6420;;;;;;;;;;;;;;;;;;;;;;;;;;;;;;;;;;;;;;;;;;;;;;;;;;;;;;;;;;;;;;;;;;;;;;;;;;
Salud emocional del cuidador principal;7040;5230;7260;5270;5250;5420;5240;5440;4640;5330;5310;8100;5820;4920;7100;5290;5280;5300;5960;7110;8340;5430;5210;7400;5320;5390;5100;5370;5340;4500;6040;;;;;;;;;;;;;;;;;;;;;;;;;;;;;;;;;;;;;;;;;;;;;;;;;;;;
Salud espiritual;5420;5426;5270;5250;5240;5230;5440;4470;4640;4680;5480;5465;5330;5260;5310;5820;4920;5290;5280;5300;5960;5424;8340;5430;4362;4400;5400;5390;5100;5370;5422;4330;;;;;;;;;;;;;;;;;;;;;;;;;;;;;;;;;;;;;;;;;;;;;;;;;;;
Salud física del cuidador principal;0180;1100;6520;5230;7260;5820;5606;0140;0200;6610;2380;4120;1410;1415;1260;1440;1710;1850;7120;4050;4500;6550;;;;;;;;;;;;;;;;;;;;;;;;;;;;;;;;;;;;;;;;;;;;;;;;;;;;;;;;;;;;;
Salud oral;1730;2304;6540;8100;4020;5606;1720;2380;1100;2240;4120;2080;1410;1415;1710;4010;6550;;;;;;;;;;;;;;;;;;;;;;;;;;;;;;;;;;;;;;;;;;;;;;;;;;;;;;;;;;;;;;;;;;
Satisfacción del paciente/usuario;0 intervenciones para este resultado;;;;;;;;;;;;;;;;;;;;;;;;;;;;;;;;;;;;;;;;;;;;;;;;;;;;;;;;;;;;;;;;;;;;;;;;;;;;;;;;;;
Satisfacción del paciente/usuario: acceso a los recursos asistenciales;7320;7500;7380;7410;1800;7630;8100;5430;;;;;;;;;;;;;;;;;;;;;;;;;;;;;;;;;;;;;;;;;;;;;;;;;;;;;;;;;;;;;;;;;;;;;;;;;;;
Satisfacción del paciente/usuario: asistencia funcional;0140;0200;1800;1804;5616;4410;6480;6490;0221;0970;;;;;;;;;;;;;;;;;;;;;;;;;;;;;;;;;;;;;;;;;;;;;;;;;;;;;;;;;;;;;;;;;;;;;;;;;
Satisfacción del paciente/usuario: aspectos técnicos del cuidado;0 intervenciones para este resultado;;;;;;;;;;;;;;;;;;;;;;;;;;;;;;;;;;;;;;;;;;;;;;;;;;;;;;;;;;;;;;;;;;;;;;;;;;;;;;;;;;
Satisfacción del paciente/usuario: comunicación;0 intervenciones para este resultado;;;;;;;;;;;;;;;;;;;;;;;;;;;;;;;;;;;;;;;;;;;;;;;;;;;;;;;;;;;;;;;;;;;;;;;;;;;;;;;;;;
Satisfacción del paciente/usuario: continuidad de los cuidados;0 intervenciones para este resultado;;;;;;;;;;;;;;;;;;;;;;;;;;;;;;;;;;;;;;;;;;;;;;;;;;;;;;;;;;;;;;;;;;;;;;;;;;;;;;;;;;
Satisfacción del paciente/usuario: control de los síntomas;0 intervenciones para este resultado;;;;;;;;;;;;;;;;;;;;;;;;;;;;;;;;;;;;;;;;;;;;;;;;;;;;;;;;;;;;;;;;;;;;;;;;;;;;;;;;;;
Satisfacción del paciente/usuario: cuidado físico;0 intervenciones para este resultado;;;;;;;;;;;;;;;;;;;;;;;;;;;;;;;;;;;;;;;;;;;;;;;;;;;;;;;;;;;;;;;;;;;;;;;;;;;;;;;;;;
Satisfacción del paciente/usuario: cuidado psicológico;0 intervenciones para este resultado;;;;;;;;;;;;;;;;;;;;;;;;;;;;;;;;;;;;;;;;;;;;;;;;;;;;;;;;;;;;;;;;;;;;;;;;;;;;;;;;;;
Satisfacción del paciente/usuario: cuidados;0 intervenciones para este resultado;;;;;;;;;;;;;;;;;;;;;;;;;;;;;;;;;;;;;;;;;;;;;;;;;;;;;;;;;;;;;;;;;;;;;;;;;;;;;;;;;;
Satisfacción del paciente/usuario: cumplimiento de las necesidades culturales;0 intervenciones para este resultado;;;;;;;;;;;;;;;;;;;;;;;;;;;;;;;;;;;;;;;;;;;;;;;;;;;;;;;;;;;;;;;;;;;;;;;;;;;;;;;;;;
Satisfacción del paciente/usuario: enseñanza;5616;5618;5602;5510;5612;5603;5614;5620;5606;5580;5540;;;;;;;;;;;;;;;;;;;;;;;;;;;;;;;;;;;;;;;;;;;;;;;;;;;;;;;;;;;;;;;;;;;;;;;;
Satisfacción del paciente/usuario: entorno físico;6482;7180;7680;7310;;;;;;;;;;;;;;;;;;;;;;;;;;;;;;;;;;;;;;;;;;;;;;;;;;;;;;;;;;;;;;;;;;;;;;;;;;;;;;;
Satisfacción del paciente/usuario: gestión de casos;0 intervenciones para este resultado;;;;;;;;;;;;;;;;;;;;;;;;;;;;;;;;;;;;;;;;;;;;;;;;;;;;;;;;;;;;;;;;;;;;;;;;;;;;;;;;;;
Satisfacción del paciente/usuario: manejo del dolor;1410;1415;1320;2210;2319;2314;1380;1330;2400;0840;8100;5900;5606;5616;1340;1540;5430;0910;6482;1480;4400;1460;8020;;;;;;;;;;;;;;;;;;;;;;;;;;;;;;;;;;;;;;;;;;;;;;;;;;;;;;;;;;;;
Satisfacción del paciente/usuario: protección de sus derechos;0 intervenciones para este resultado;;;;;;;;;;;;;;;;;;;;;;;;;;;;;;;;;;;;;;;;;;;;;;;;;;;;;;;;;;;;;;;;;;;;;;;;;;;;;;;;;;
Satisfacción del paciente/usuario: seguridad;0 intervenciones para este resultado;;;;;;;;;;;;;;;;;;;;;;;;;;;;;;;;;;;;;;;;;;;;;;;;;;;;;;;;;;;;;;;;;;;;;;;;;;;;;;;;;;
Severidad de la acidosis metabólica;;;;;;;;;;;;;;;;;;;;;;;;;;;;;;;;;;;;;;;;;;;;;;;;;;;;;;;;;;;;;;;;;;;;;;;;;;;;;;;;;;;
Severidad de la acidosis respiratoria aguda;;;;;;;;;;;;;;;;;;;;;;;;;;;;;;;;;;;;;;;;;;;;;;;;;;;;;;;;;;;;;;;;;;;;;;;;;;;;;;;;;;;
Severidad de la alcalosis metabólica;;;;;;;;;;;;;;;;;;;;;;;;;;;;;;;;;;;;;;;;;;;;;;;;;;;;;;;;;;;;;;;;;;;;;;;;;;;;;;;;;;;
Severidad de la alcalosis respiratoria aguda;;;;;;;;;;;;;;;;;;;;;;;;;;;;;;;;;;;;;;;;;;;;;;;;;;;;;;;;;;;;;;;;;;;;;;;;;;;;;;;;;;;
Severidad de la enfermedad arterial periférica;;;;;;;;;;;;;;;;;;;;;;;;;;;;;;;;;;;;;;;;;;;;;;;;;;;;;;;;;;;;;;;;;;;;;;;;;;;;;;;;;;;
Severidad de la hipercalcemia;;;;;;;;;;;;;;;;;;;;;;;;;;;;;;;;;;;;;;;;;;;;;;;;;;;;;;;;;;;;;;;;;;;;;;;;;;;;;;;;;;;
Severidad de la hipercloremia;;;;;;;;;;;;;;;;;;;;;;;;;;;;;;;;;;;;;;;;;;;;;;;;;;;;;;;;;;;;;;;;;;;;;;;;;;;;;;;;;;;
Severidad de la hiperfosfatemia;;;;;;;;;;;;;;;;;;;;;;;;;;;;;;;;;;;;;;;;;;;;;;;;;;;;;;;;;;;;;;;;;;;;;;;;;;;;;;;;;;;
Severidad de la hiperglucemia;;;;;;;;;;;;;;;;;;;;;;;;;;;;;;;;;;;;;;;;;;;;;;;;;;;;;;;;;;;;;;;;;;;;;;;;;;;;;;;;;;;
Severidad de la hipermagnesemia;;;;;;;;;;;;;;;;;;;;;;;;;;;;;;;;;;;;;;;;;;;;;;;;;;;;;;;;;;;;;;;;;;;;;;;;;;;;;;;;;;;
Severidad de la hipernatremia;;;;;;;;;;;;;;;;;;;;;;;;;;;;;;;;;;;;;;;;;;;;;;;;;;;;;;;;;;;;;;;;;;;;;;;;;;;;;;;;;;;
Severidad de la hiperpotasemia;;;;;;;;;;;;;;;;;;;;;;;;;;;;;;;;;;;;;;;;;;;;;;;;;;;;;;;;;;;;;;;;;;;;;;;;;;;;;;;;;;;
Severidad de la hipertensión;;;;;;;;;;;;;;;;;;;;;;;;;;;;;;;;;;;;;;;;;;;;;;;;;;;;;;;;;;;;;;;;;;;;;;;;;;;;;;;;;;;
Severidad de la hipocalcemia;;;;;;;;;;;;;;;;;;;;;;;;;;;;;;;;;;;;;;;;;;;;;;;;;;;;;;;;;;;;;;;;;;;;;;;;;;;;;;;;;;;
Severidad de la hipocloremia;;;;;;;;;;;;;;;;;;;;;;;;;;;;;;;;;;;;;;;;;;;;;;;;;;;;;;;;;;;;;;;;;;;;;;;;;;;;;;;;;;;
Severidad de la hipofosfatemia;;;;;;;;;;;;;;;;;;;;;;;;;;;;;;;;;;;;;;;;;;;;;;;;;;;;;;;;;;;;;;;;;;;;;;;;;;;;;;;;;;;
Severidad de la hipoglucemia;;;;;;;;;;;;;;;;;;;;;;;;;;;;;;;;;;;;;;;;;;;;;;;;;;;;;;;;;;;;;;;;;;;;;;;;;;;;;;;;;;;
Severidad de la hipomagnesemia;;;;;;;;;;;;;;;;;;;;;;;;;;;;;;;;;;;;;;;;;;;;;;;;;;;;;;;;;;;;;;;;;;;;;;;;;;;;;;;;;;;
Severidad de la hiponatremia;;;;;;;;;;;;;;;;;;;;;;;;;;;;;;;;;;;;;;;;;;;;;;;;;;;;;;;;;;;;;;;;;;;;;;;;;;;;;;;;;;;
Severidad de la hipopotasemia;;;;;;;;;;;;;;;;;;;;;;;;;;;;;;;;;;;;;;;;;;;;;;;;;;;;;;;;;;;;;;;;;;;;;;;;;;;;;;;;;;;
Severidad de la hipotensión;;;;;;;;;;;;;;;;;;;;;;;;;;;;;;;;;;;;;;;;;;;;;;;;;;;;;;;;;;;;;;;;;;;;;;;;;;;;;;;;;;;
Severidad de la infección;6540;3440;6410;6530;2300;6520;6545;3583;3582;0620;3660;3662;6800;3420;1750;5510;5606;5616;6610;6850;7690;0550;3680;6480;0180;2380;4120;7820;1410;1415;3550;1160;6680;3350;7370;6570;2390;6550;3900;3902;0580;1120;3740;6650;3590;;;;;;;;;;;;;;;;;;;;;;;;;;;;;;;;;;;;;;
Severidad de la infección: recién nacido;6540;6550;2300;3000;6480;4120;6680;3350;3740;3590;6824;;;;;;;;;;;;;;;;;;;;;;;;;;;;;;;;;;;;;;;;;;;;;;;;;;;;;;;;;;;;;;;;;;;;;;;;
Severidad de la lesión física;6486;7180;6200;6610;7980;6487;6489;6680;3840;6490;6240;8880;;;;;;;;;;;;;;;;;;;;;;;;;;;;;;;;;;;;;;;;;;;;;;;;;;;;;;;;;;;;;;;;;;;;;;;
Severidad de la pérdida de sangre;4020;4180;4258;4030;4022;4028;4024;4021;4026;2000;4090;4120;2080;4250;4254;6680;4130;4210;2865;4010;4260;4190;4150;4140;6320;4200;6650;;;;;;;;;;;;;;;;;;;;;;;;;;;;;;;;;;;;;;;;;;;;;;;;;;;;;;;;
Severidad de la retirada de sustancias;4514;4512;2300;5330;1650;5820;6482;0460;6510;1450;6440;1410;1415;1850;6680;2690;3900;4510;5880;6650;;;;;;;;;;;;;;;;;;;;;;;;;;;;;;;;;;;;;;;;;;;;;;;;;;;;;;;;;;;;;;;
Severidad de la sobrecarga de líquidos;4170;4180;2080;2300;0840;4040;4066;6200;5820;2000;0590;2380;4120;3500;2540;1910;4240;2020;3480;6680;4130;2620;3350;1920;4035;3320;3540;3900;4150;3460;2150;2100;3590;;;;;;;;;;;;;;;;;;;;;;;;;;;;;;;;;;;;;;;;;;;;;;;;;;
Severidad de la soledad;7110;4362;5100;5360;5270;5420;5240;5230;5440;5460;5330;5310;5820;5350;4340;4920;7100;5426;5290;7560;8272;8274;5430;6480;1850;4974;4976;7120;5400;5390;5370;5340;5000;4320;4390;4430;4310;5450;7150;;;;;;;;;;;;;;;;;;;;;;;;;;;;;;;;;;;;;;;;;;;;
Severidad de las náuseas y los vómitos;1450;1570;6650;2300;1200;1056;1020;6480;2380;1100;4120;2080;1160;2020;6680;4130;1920;3200;4190;4200;5880;;;;;;;;;;;;;;;;;;;;;;;;;;;;;;;;;;;;;;;;;;;;;;;;;;;;;;;;;;;;;;
Severidad de los síntomas;0460;2560;1850;4820;2300;5270;5230;0840;5330;5820;6000;0180;2380;2660;6510;3500;1410;1415;0430;1480;2390;3902;1460;6040;5880;;;;;;;;;;;;;;;;;;;;;;;;;;;;;;;;;;;;;;;;;;;;;;;;;;;;;;;;;;
Severidad de los síntomas de la perimenopausia;0 intervenciones para este resultado;;;;;;;;;;;;;;;;;;;;;;;;;;;;;;;;;;;;;;;;;;;;;;;;;;;;;;;;;;;;;;;;;;;;;;;;;;;;;;;;;;
Severidad de los síntomas del síndrome premenstrual (SPM);0 intervenciones para este resultado;;;;;;;;;;;;;;;;;;;;;;;;;;;;;;;;;;;;;;;;;;;;;;;;;;;;;;;;;;;;;;;;;;;;;;;;;;;;;;;;;;
Severidad del linfedema ;;;;;;;;;;;;;;;;;;;;;;;;;;;;;;;;;;;;;;;;;;;;;;;;;;;;;;;;;;;;;;;;;;;;;;;;;;;;;;;;;;;
Severidad del ojo seco;;;;;;;;;;;;;;;;;;;;;;;;;;;;;;;;;;;;;;;;;;;;;;;;;;;;;;;;;;;;;;;;;;;;;;;;;;;;;;;;;;;
Severidad del shock: anafiláctico;;;;;;;;;;;;;;;;;;;;;;;;;;;;;;;;;;;;;;;;;;;;;;;;;;;;;;;;;;;;;;;;;;;;;;;;;;;;;;;;;;;
Severidad del shock: cardiogénico;;;;;;;;;;;;;;;;;;;;;;;;;;;;;;;;;;;;;;;;;;;;;;;;;;;;;;;;;;;;;;;;;;;;;;;;;;;;;;;;;;;
Severidad del shock: hipovolémico;;;;;;;;;;;;;;;;;;;;;;;;;;;;;;;;;;;;;;;;;;;;;;;;;;;;;;;;;;;;;;;;;;;;;;;;;;;;;;;;;;;
Severidad del shock: neurogénico;;;;;;;;;;;;;;;;;;;;;;;;;;;;;;;;;;;;;;;;;;;;;;;;;;;;;;;;;;;;;;;;;;;;;;;;;;;;;;;;;;;
Severidad del shock: séptico;;;;;;;;;;;;;;;;;;;;;;;;;;;;;;;;;;;;;;;;;;;;;;;;;;;;;;;;;;;;;;;;;;;;;;;;;;;;;;;;;;;
Severidad del sufrimiento;5420;5310;5426;5270;5230;5480;5820;4920;5290;5430;5210;5340;;;;;;;;;;;;;;;;;;;;;;;;;;;;;;;;;;;;;;;;;;;;;;;;;;;;;;;;;;;;;;;;;;;;;;;
Signos vitales;2560;6680;3800;2300;4030;1380;3390;6540;4040;6200;6930;2870;3310;5820;5612;5616;5618;6480;6482;2000;6410;4090;4180;2380;3140;4120;2080;1410;1415;4250;1910;3250;4130;3350;4400;3320;4070;3840;2390;4260;6550;4190;3900;3902;4150;4140;6320;6040;4200;3740;6650;3590;;;;;;;;;;;;;;;;;;;;;;;;;;;;;;;
Soporte social;5440;7110;7140;7040;5270;5420;7500;7380;7410;8180;7260;8100;5430;5100;;;;;;;;;;;;;;;;;;;;;;;;;;;;;;;;;;;;;;;;;;;;;;;;;;;;;;;;;;;;;;;;;;;;;
Sueño;1850;2300;1610;0840;5460;6840;0612;6820;5820;5568;5840;5960;0200;6926;6000;6480;6482;6460;0180;2380;1450;1410;1415;1440;1570;1480;4400;2390;1460;6900;6040;2280;5880;;;;;;;;;;;;;;;;;;;;;;;;;;;;;;;;;;;;;;;;;;;;;;;;;;
Termorregulación;3900;3740;3800;2300;1380;1610;6540;4062;4066;2870;3790;6480;2380;2680;4120;1410;1415;2540;4256;6680;4130;3350;4070;2690;3840;2390;4260;3902;4150;3590;;;;;;;;;;;;;;;;;;;;;;;;;;;;;;;;;;;;;;;;;;;;;;;;;;;;;
Termorregulación: recién nacido;3902;3800;2300;1380;1610;6540;5568;6480;7880;2680;4120;1910;6680;4130;3350;1920;4070;2690;4260;3900;3740;3590;6824;;;;;;;;;;;;;;;;;;;;;;;;;;;;;;;;;;;;;;;;;;;;;;;;;;;;;;;;;;;;
Tolerancia de la actividad;4046;0201;4470;4490;5860;5612;5840;4410;0140;0202;0200;6480;4090;0180;2380;1100;3210;1410;1415;1260;1850;4360;6680;3350;3320;4310;0221;0226;0222;0224;;;;;;;;;;;;;;;;;;;;;;;;;;;;;;;;;;;;;;;;;;;;;;;;;;;;;
Toma de decisiones;5250;5230;7110;7140;5270;5420;5240;5247;5242;5248;5440;4470;5480;8180;5310;5820;5350;5562;5566;5568;5510;5606;5616;5622;4760;4410;5520;4480;7400;7330;6160;6460;5395;5515;5390;7460;;;;;;;;;;;;;;;;;;;;;;;;;;;;;;;;;;;;;;;;;;;;;;;
